t(s); V(A); V(B); temp(B);

0; 5; 1; 20; 
1; 4,98272; 1,01724; 21,1833; 
2; 4,96547; 1,03436; 22,314; 
3; 4,94825; 1,05137; 23,3954; 
4; 4,93106; 1,06827; 24,4304; 
5; 4,91389; 1,08505; 25,4218; 
6; 4,89676; 1,10173; 26,3723; 
7; 4,87966; 1,11829; 27,284; 
8; 4,86259; 1,13475; 28,1592; 
9; 4,84555; 1,1511; 28,9999; 
10; 4,82854; 1,16735; 29,808; 
11; 4,81155; 1,18349; 30,5853; 
12; 4,7946; 1,19952; 31,3332; 
13; 4,77768; 1,21546; 32,0535; 
14; 4,76079; 1,23129; 32,7474; 
15; 4,74393; 1,24702; 33,4164; 
16; 4,72709; 1,26265; 34,0616; 
17; 4,71029; 1,27818; 34,6841; 
18; 4,69352; 1,29361; 35,2852; 
19; 4,67678; 1,30895; 35,8657; 
20; 4,66006; 1,32419; 36,4267; 
21; 4,64338; 1,33933; 36,969; 
22; 4,62673; 1,35438; 37,4935; 
23; 4,6101; 1,36933; 38,0009; 
24; 4,59351; 1,38419; 38,4921; 
25; 4,57695; 1,39896; 38,9678; 
26; 4,56041; 1,41363; 39,4285; 
27; 4,54391; 1,42821; 39,875; 
28; 4,52744; 1,44271; 40,3077; 
29; 4,51099; 1,45711; 40,7274; 
30; 4,49458; 1,47142; 41,1345; 
31; 4,4782; 1,48564; 41,5295; 
32; 4,46184; 1,49978; 41,9129; 
33; 4,44552; 1,51383; 42,2851; 
34; 4,42923; 1,52779; 42,6467; 
35; 4,41296; 1,54167; 42,9979; 
36; 4,39673; 1,55546; 43,3393; 
37; 4,38052; 1,56916; 43,671; 
38; 4,36435; 1,58278; 43,9936; 
39; 4,34821; 1,59632; 44,3074; 
40; 4,33209; 1,60977; 44,6126; 
41; 4,31601; 1,62314; 44,9095; 
42; 4,29995; 1,63643; 45,1985; 
43; 4,28393; 1,64964; 45,4799; 
44; 4,26793; 1,66276; 45,7538; 
45; 4,25197; 1,67581; 46,0206; 
46; 4,23603; 1,68877; 46,2805; 
47; 4,22013; 1,70166; 46,5338; 
48; 4,20425; 1,71446; 46,7805; 
49; 4,18841; 1,72719; 47,021; 
50; 4,17259; 1,73984; 47,2555; 
51; 4,15681; 1,75241; 47,4842; 
52; 4,14105; 1,7649; 47,7071; 
53; 4,12533; 1,77732; 47,9246; 
54; 4,10963; 1,78966; 48,1368; 
55; 4,09397; 1,80193; 48,3438; 
56; 4,07833; 1,81412; 48,5459; 
57; 4,06272; 1,82623; 48,7431; 
58; 4,04715; 1,83827; 48,9356; 
59; 4,0316; 1,85024; 49,1235; 
60; 4,01609; 1,86213; 49,307; 
61; 4,0006; 1,87395; 49,4863; 
62; 3,98514; 1,88569; 49,6613; 
63; 3,96972; 1,89736; 49,8324; 
64; 3,95432; 1,90897; 49,9994; 
65; 3,93895; 1,92049; 50,1627; 
66; 3,92362; 1,93195; 50,3222; 
67; 3,90831; 1,94334; 50,4782; 
68; 3,89303; 1,95466; 50,6306; 
69; 3,87779; 1,9659; 50,7796; 
70; 3,86257; 1,97708; 50,9252; 
71; 3,84738; 1,98818; 51,0677; 
72; 3,83223; 1,99922; 51,2069; 
73; 3,8171; 2,01019; 51,3431; 
74; 3,802; 2,02109; 51,4764; 
75; 3,78694; 2,03192; 51,6067; 
76; 3,7719; 2,04268; 51,7341; 
77; 3,75689; 2,05338; 51,8588; 
78; 3,74191; 2,06401; 51,9808; 
79; 3,72697; 2,07457; 52,1002; 
80; 3,71205; 2,08507; 52,217; 
81; 3,69716; 2,0955; 52,3313; 
82; 3,6823; 2,10586; 52,4431; 
83; 3,66747; 2,11616; 52,5526; 
84; 3,65268; 2,1264; 52,6597; 
85; 3,63791; 2,13656; 52,7646; 
86; 3,62317; 2,14667; 52,8673; 
87; 3,60846; 2,15671; 52,9678; 
88; 3,59378; 2,16668; 53,0662; 
89; 3,57913; 2,1766; 53,1625; 
90; 3,56452; 2,18644; 53,2568; 
91; 3,54993; 2,19623; 53,3491; 
92; 3,53537; 2,20595; 53,4395; 
93; 3,52084; 2,21561; 53,528; 
94; 3,50634; 2,22521; 53,6147; 
95; 3,49187; 2,23475; 53,6996; 
96; 3,47743; 2,24422; 53,7827; 
97; 3,46302; 2,25363; 53,8641; 
98; 3,44864; 2,26299; 53,9438; 
99; 3,43429; 2,27228; 54,0219; 
100; 3,41997; 2,28151; 54,0983; 
101; 3,40568; 2,29068; 54,1731; 
102; 3,39143; 2,29979; 54,2465; 
103; 3,3772; 2,30884; 54,3182; 
104; 3,363; 2,31783; 54,3885; 
105; 3,34883; 2,32676; 54,4574; 
106; 3,33469; 2,33563; 54,5248; 
107; 3,32058; 2,34444; 54,5909; 
108; 3,3065; 2,3532; 54,6555; 
109; 3,29245; 2,36189; 54,7188; 
110; 3,27843; 2,37053; 54,7808; 
111; 3,26443; 2,37911; 54,8416; 
112; 3,25047; 2,38763; 54,901; 
113; 3,23654; 2,3961; 54,9592; 
114; 3,22264; 2,4045; 55,0162; 
115; 3,20877; 2,41285; 55,072; 
116; 3,19493; 2,42115; 55,1267; 
117; 3,18112; 2,42939; 55,1802; 
118; 3,16734; 2,43757; 55,2325; 
119; 3,15359; 2,44569; 55,2838; 
120; 3,13987; 2,45376; 55,334; 
121; 3,12618; 2,46178; 55,3831; 
122; 3,11251; 2,46974; 55,4311; 
123; 3,09888; 2,47764; 55,4782; 
124; 3,08528; 2,48549; 55,5242; 
125; 3,07171; 2,49328; 55,5692; 
126; 3,05817; 2,50102; 55,6133; 
127; 3,04466; 2,50871; 55,6564; 
128; 3,03118; 2,51634; 55,6986; 
129; 3,01772; 2,52391; 55,7398; 
130; 3,0043; 2,53144; 55,7802; 
131; 2,99091; 2,53891; 55,8196; 
132; 2,97755; 2,54632; 55,8582; 
133; 2,96421; 2,55369; 55,8959; 
134; 2,95091; 2,561; 55,9328; 
135; 2,93764; 2,56825; 55,9688; 
136; 2,9244; 2,57546; 56,004; 
137; 2,91118; 2,58261; 56,0384; 
138; 2,898; 2,58971; 56,072; 
139; 2,88485; 2,59676; 56,1049; 
140; 2,87173; 2,60376; 56,1369; 
141; 2,85863; 2,61071; 56,1682; 
142; 2,84557; 2,6176; 56,1988; 
143; 2,83254; 2,62445; 56,2286; 
144; 2,81953; 2,63124; 56,2578; 
145; 2,80656; 2,63798; 56,2862; 
146; 2,79362; 2,64467; 56,3139; 
147; 2,7807; 2,65131; 56,3409; 
148; 2,76782; 2,6579; 56,3672; 
149; 2,75497; 2,66444; 56,3929; 
150; 2,74214; 2,67093; 56,4179; 
151; 2,72935; 2,67737; 56,4423; 
152; 2,71659; 2,68377; 56,4661; 
153; 2,70385; 2,69011; 56,4892; 
154; 2,69115; 2,6964; 56,5117; 
155; 2,67847; 2,70265; 56,5335; 
156; 2,66583; 2,70884; 56,5548; 
157; 2,65322; 2,71499; 56,5755; 
158; 2,64063; 2,72108; 56,5956; 
159; 2,62808; 2,72713; 56,6151; 
160; 2,61555; 2,73314; 56,6341; 
161; 2,60306; 2,73909; 56,6525; 
162; 2,59059; 2,74499; 56,6703; 
163; 2,57816; 2,75085; 56,6876; 
164; 2,56575; 2,75666; 56,7044; 
165; 2,55338; 2,76243; 56,7206; 
166; 2,54103; 2,76814; 56,7364; 
167; 2,52872; 2,77381; 56,7516; 
168; 2,51643; 2,77943; 56,7662; 
169; 2,50418; 2,78501; 56,7804; 
170; 2,49195; 2,79054; 56,7941; 
171; 2,47976; 2,79602; 56,8073; 
172; 2,46759; 2,80146; 56,82; 
173; 2,45546; 2,80685; 56,8323; 
174; 2,44335; 2,81219; 56,8441; 
175; 2,43127; 2,81749; 56,8554; 
176; 2,41923; 2,82274; 56,8662; 
177; 2,40721; 2,82795; 56,8766; 
178; 2,39523; 2,83311; 56,8865; 
179; 2,38327; 2,83823; 56,896; 
180; 2,37134; 2,8433; 56,9051; 
181; 2,35945; 2,84832; 56,9137; 
182; 2,34758; 2,85331; 56,9219; 
183; 2,33574; 2,85824; 56,9297; 
184; 2,32394; 2,86314; 56,9371; 
185; 2,31216; 2,86799; 56,944; 
186; 2,30041; 2,87279; 56,9506; 
187; 2,2887; 2,87755; 56,9567; 
188; 2,27701; 2,88227; 56,9625; 
189; 2,26535; 2,88694; 56,9678; 
190; 2,25373; 2,89157; 56,9728; 
191; 2,24213; 2,89616; 56,9774; 
192; 2,23056; 2,9007; 56,9816; 
193; 2,21902; 2,9052; 56,9854; 
194; 2,20752; 2,90965; 56,9888; 
195; 2,19604; 2,91407; 56,9919; 
196; 2,18459; 2,91844; 56,9946; 
197; 2,17317; 2,92277; 56,997; 
198; 2,16179; 2,92705; 56,999; 
199; 2,15043; 2,93129; 57,0006; 
200; 2,1391; 2,93549; 57,0019; 
201; 2,1278; 2,93965; 57,0028; 
202; 2,11653; 2,94377; 57,0034; 
203; 2,1053; 2,94785; 57,0037; 
204; 2,09409; 2,95188; 57,0036; 
205; 2,08291; 2,95587; 57,0032; 
206; 2,07176; 2,95982; 57,0025; 
207; 2,06064; 2,96373; 57,0015; 
208; 2,04955; 2,9676; 57,0001; 
209; 2,0385; 2,97142; 56,9984; 
210; 2,02747; 2,97521; 56,9964; 
211; 2,01647; 2,97895; 56,994; 
212; 2,0055; 2,98266; 56,9914; 
213; 1,99456; 2,98632; 56,9884; 
214; 1,98365; 2,98994; 56,9852; 
215; 1,97277; 2,99353; 56,9816; 
216; 1,96192; 2,99707; 56,9778; 
217; 1,9511; 3,00057; 56,9736; 
218; 1,94031; 3,00403; 56,9692; 
219; 1,92955; 3,00745; 56,9644; 
220; 1,91882; 3,01084; 56,9594; 
221; 1,90812; 3,01418; 56,9541; 
222; 1,89745; 3,01748; 56,9485; 
223; 1,88682; 3,02075; 56,9426; 
224; 1,87621; 3,02397; 56,9364; 
225; 1,86563; 3,02716; 56,93; 
226; 1,85507; 3,03031; 56,9233; 
227; 1,84455; 3,03341; 56,9163; 
228; 1,83406; 3,03648; 56,909; 
229; 1,8236; 3,03951; 56,9015; 
230; 1,81317; 3,04251; 56,8937; 
231; 1,80277; 3,04546; 56,8857; 
232; 1,7924; 3,04838; 56,8773; 
233; 1,78206; 3,05125; 56,8688; 
234; 1,77175; 3,05409; 56,8599; 
235; 1,76147; 3,05689; 56,8508; 
236; 1,75122; 3,05966; 56,8415; 
237; 1,741; 3,06238; 56,8319; 
238; 1,73081; 3,06507; 56,822; 
239; 1,72065; 3,06772; 56,8119; 
240; 1,71051; 3,07033; 56,8015; 
241; 1,70041; 3,07291; 56,7909; 
242; 1,69034; 3,07544; 56,7801; 
243; 1,6803; 3,07795; 56,769; 
244; 1,67029; 3,08041; 56,7577; 
245; 1,66031; 3,08284; 56,7461; 
246; 1,65035; 3,08523; 56,7343; 
247; 1,64043; 3,08758; 56,7223; 
248; 1,63054; 3,0899; 56,71; 
249; 1,62068; 3,09218; 56,6975; 
250; 1,61085; 3,09442; 56,6847; 
251; 1,60104; 3,09663; 56,6718; 
252; 1,59127; 3,0988; 56,6586; 
253; 1,58153; 3,10094; 56,6451; 
254; 1,57182; 3,10304; 56,6315; 
255; 1,56213; 3,1051; 56,6176; 
256; 1,55248; 3,10713; 56,6035; 
257; 1,54286; 3,10913; 56,5892; 
258; 1,53327; 3,11108; 56,5746; 
259; 1,5237; 3,113; 56,5599; 
260; 1,51417; 3,11489; 56,5449; 
261; 1,50467; 3,11674; 56,5297; 
262; 1,49519; 3,11856; 56,5142; 
263; 1,48575; 3,12034; 56,4986; 
264; 1,47634; 3,12209; 56,4828; 
265; 1,46695; 3,1238; 56,4667; 
266; 1,4576; 3,12548; 56,4504; 
267; 1,44828; 3,12712; 56,4339; 
268; 1,43898; 3,12873; 56,4172; 
269; 1,42972; 3,1303; 56,4003; 
270; 1,42049; 3,13184; 56,3832; 
271; 1,41128; 3,13334; 56,3659; 
272; 1,40211; 3,13481; 56,3484; 
273; 1,39296; 3,13625; 56,3306; 
274; 1,38385; 3,13765; 56,3127; 
275; 1,37476; 3,13902; 56,2946; 
276; 1,36571; 3,14036; 56,2762; 
277; 1,35669; 3,14166; 56,2577; 
278; 1,34769; 3,14293; 56,2389; 
279; 1,33873; 3,14416; 56,22; 
280; 1,32979; 3,14536; 56,2008; 
281; 1,32089; 3,14653; 56,1815; 
282; 1,31201; 3,14767; 56,162; 
283; 1,30317; 3,14877; 56,1422; 
284; 1,29435; 3,14984; 56,1223; 
285; 1,28557; 3,15087; 56,1022; 
286; 1,27681; 3,15187; 56,0818; 
287; 1,26809; 3,15285; 56,0613; 
288; 1,25939; 3,15378; 56,0406; 
289; 1,25073; 3,15469; 56,0197; 
290; 1,24209; 3,15556; 55,9986; 
291; 1,23348; 3,1564; 55,9773; 
292; 1,22491; 3,15721; 55,9558; 
293; 1,21636; 3,15799; 55,9342; 
294; 1,20785; 3,15873; 55,9123; 
295; 1,19936; 3,15944; 55,8903; 
296; 1,1909; 3,16012; 55,868; 
297; 1,18248; 3,16077; 55,8456; 
298; 1,17408; 3,16139; 55,823; 
299; 1,16572; 3,16197; 55,8002; 
300; 1,15738; 3,16253; 55,7772; 
301; 1,14907; 3,16305; 55,754; 
302; 1,1408; 3,16354; 55,7307; 
303; 1,13255; 3,164; 55,7071; 
304; 1,12433; 3,16443; 55,6834; 
305; 1,11615; 3,16483; 55,6595; 
306; 1,10799; 3,16519; 55,6354; 
307; 1,09986; 3,16553; 55,6111; 
308; 1,09177; 3,16583; 55,5867; 
309; 1,0837; 3,16611; 55,562; 
310; 1,07566; 3,16635; 55,5372; 
311; 1,06765; 3,16656; 55,5122; 
312; 1,05968; 3,16675; 55,487; 
313; 1,05173; 3,1669; 55,4616; 
314; 1,04381; 3,16702; 55,4361; 
315; 1,03592; 3,16711; 55,4103; 
316; 1,02807; 3,16717; 55,3844; 
317; 1,02024; 3,1672; 55,3583; 
318; 1,01244; 3,1672; 55,332; 
319; 1,00467; 3,16718; 55,3056; 
320; 0,996934; 3,16712; 55,279; 
321; 0,989226; 3,16703; 55,2521; 
322; 0,981547; 3,16691; 55,2251; 
323; 0,973899; 3,16676; 55,198; 
324; 0,96628; 3,16659; 55,1706; 
325; 0,958692; 3,16638; 55,1431; 
326; 0,951133; 3,16615; 55,1154; 
327; 0,943605; 3,16588; 55,0875; 
328; 0,936106; 3,16559; 55,0595; 
329; 0,928637; 3,16527; 55,0312; 
330; 0,921198; 3,16491; 55,0028; 
331; 0,913789; 3,16453; 54,9742; 
332; 0,90641; 3,16412; 54,9454; 
333; 0,899061; 3,16369; 54,9165; 
334; 0,891741; 3,16322; 54,8874; 
335; 0,884452; 3,16272; 54,8581; 
336; 0,877193; 3,1622; 54,8286; 
337; 0,869963; 3,16165; 54,799; 
338; 0,862763; 3,16107; 54,7691; 
339; 0,855594; 3,16046; 54,7391; 
340; 0,848454; 3,15982; 54,7089; 
341; 0,841344; 3,15916; 54,6786; 
342; 0,834264; 3,15846; 54,648; 
343; 0,827214; 3,15774; 54,6173; 
344; 0,820194; 3,15699; 54,5864; 
345; 0,813204; 3,15622; 54,5554; 
346; 0,806243; 3,15541; 54,5241; 
347; 0,799313; 3,15458; 54,4927; 
348; 0,792412; 3,15372; 54,4611; 
349; 0,785542; 3,15283; 54,4294; 
350; 0,778701; 3,15192; 54,3974; 
351; 0,77189; 3,15098; 54,3653; 
352; 0,76511; 3,15001; 54,333; 
353; 0,758359; 3,14901; 54,3005; 
354; 0,751638; 3,14799; 54,2679; 
355; 0,744947; 3,14694; 54,2351; 
356; 0,738286; 3,14586; 54,2021; 
357; 0,731654; 3,14476; 54,1689; 
358; 0,725053; 3,14363; 54,1355; 
359; 0,718482; 3,14247; 54,102; 
360; 0,71194; 3,14129; 54,0683; 
361; 0,705428; 3,14008; 54,0344; 
362; 0,698947; 3,13884; 54,0003; 
363; 0,692495; 3,13758; 53,9661; 
364; 0,686073; 3,13629; 53,9317; 
365; 0,679681; 3,13497; 53,8971; 
366; 0,673319; 3,13363; 53,8623; 
367; 0,666987; 3,13226; 53,8273; 
368; 0,660685; 3,13087; 53,7922; 
369; 0,654413; 3,12945; 53,7569; 
370; 0,64817; 3,128; 53,7214; 
371; 0,641958; 3,12653; 53,6857; 
372; 0,635776; 3,12503; 53,6499; 
373; 0,629623; 3,12351; 53,6139; 
374; 0,6235; 3,12196; 53,5776; 
375; 0,617407; 3,12039; 53,5413; 
376; 0,611345; 3,11879; 53,5047; 
377; 0,605312; 3,11716; 53,4679; 
378; 0,599309; 3,11551; 53,431; 
379; 0,593336; 3,11384; 53,3939; 
380; 0,587392; 3,11214; 53,3566; 
381; 0,581479; 3,11041; 53,3191; 
382; 0,575596; 3,10866; 53,2815; 
383; 0,569742; 3,10689; 53,2437; 
384; 0,563919; 3,10509; 53,2056; 
385; 0,558125; 3,10326; 53,1674; 
386; 0,552361; 3,10141; 53,1291; 
387; 0,546628; 3,09954; 53,0905; 
388; 0,540924; 3,09764; 53,0517; 
389; 0,53525; 3,09571; 53,0128; 
390; 0,529606; 3,09377; 52,9737; 
391; 0,523992; 3,09179; 52,9344; 
392; 0,518407; 3,0898; 52,8949; 
393; 0,512853; 3,08778; 52,8552; 
394; 0,507329; 3,08573; 52,8153; 
395; 0,501834; 3,08366; 52,7753; 
396; 0,49637; 3,08157; 52,7351; 
397; 0,490935; 3,07945; 52,6946; 
398; 0,48553; 3,07731; 52,654; 
399; 0,480156; 3,07515; 52,6132; 
400; 0,474811; 3,07296; 52,5723; 
401; 0,469496; 3,07075; 52,5311; 
402; 0,464211; 3,06851; 52,4897; 
403; 0,458956; 3,06625; 52,4482; 
404; 0,45373; 3,06397; 52,4064; 
405; 0,448535; 3,06167; 52,3645; 
406; 0,44337; 3,05934; 52,3224; 
407; 0,438234; 3,05699; 52,28; 
408; 0,433129; 3,05461; 52,2375; 
409; 0,428053; 3,05221; 52,1948; 
410; 0,423007; 3,04979; 52,1519; 
411; 0,417991; 3,04735; 52,1089; 
412; 0,413005; 3,04488; 52,0656; 
413; 0,40805; 3,04239; 52,0221; 
414; 0,403123; 3,03988; 51,9784; 
415; 0,398227; 3,03734; 51,9346; 
416; 0,393361; 3,03478; 51,8905; 
417; 0,388525; 3,0322; 51,8462; 
418; 0,383718; 3,0296; 51,8018; 
419; 0,378942; 3,02697; 51,7571; 
420; 0,374195; 3,02433; 51,7123; 
421; 0,369479; 3,02166; 51,6672; 
422; 0,364792; 3,01896; 51,6219; 
423; 0,360135; 3,01625; 51,5765; 
424; 0,355508; 3,01351; 51,5308; 
425; 0,350911; 3,01075; 51,485; 
426; 0,346344; 3,00797; 51,4389; 
427; 0,341807; 3,00517; 51,3927; 
428; 0,3373; 3,00235; 51,3462; 
429; 0,332822; 2,9995; 51,2995; 
430; 0,328375; 2,99663; 51,2526; 
431; 0,323957; 2,99375; 51,2056; 
432; 0,31957; 2,99083; 51,1583; 
433; 0,315212; 2,9879; 51,1108; 
434; 0,310884; 2,98495; 51,0631; 
435; 0,306586; 2,98197; 51,0152; 
436; 0,302318; 2,97898; 50,967; 
437; 0,29808; 2,97596; 50,9187; 
438; 0,293872; 2,97292; 50,8702; 
439; 0,289694; 2,96986; 50,8214; 
440; 0,285546; 2,96678; 50,7724; 
441; 0,281427; 2,96368; 50,7233; 
442; 0,277339; 2,96056; 50,6739; 
443; 0,27328; 2,95742; 50,6243; 
444; 0,269252; 2,95425; 50,5744; 
445; 0,265253; 2,95107; 50,5244; 
446; 0,261284; 2,94786; 50,4742; 
447; 0,257345; 2,94464; 50,4237; 
448; 0,253437; 2,94139; 50,373; 
449; 0,249557; 2,93812; 50,3221; 
450; 0,245708; 2,93484; 50,271; 
451; 0,241889; 2,93153; 50,2196; 
452; 0,2381; 2,9282; 50,168; 
453; 0,23434; 2,92485; 50,1162; 
454; 0,230611; 2,92149; 50,0642; 
455; 0,226911; 2,9181; 50,012; 
456; 0,223242; 2,91469; 49,9595; 
457; 0,219602; 2,91126; 49,9068; 
458; 0,215992; 2,90782; 49,8539; 
459; 0,212412; 2,90435; 49,8007; 
460; 0,208862; 2,90086; 49,7474; 
461; 0,205342; 2,89735; 49,6937; 
462; 0,201852; 2,89383; 49,6399; 
463; 0,198392; 2,89028; 49,5858; 
464; 0,194962; 2,88672; 49,5315; 
465; 0,191561; 2,88313; 49,477; 
466; 0,188191; 2,87953; 49,4222; 
467; 0,18485; 2,8759; 49,3672; 
468; 0,18154; 2,87226; 49,312; 
469; 0,178259; 2,8686; 49,2565; 
470; 0,175008; 2,86492; 49,2007; 
471; 0,171787; 2,86122; 49,1448; 
472; 0,168596; 2,8575; 49,0886; 
473; 0,165435; 2,85376; 49,0321; 
474; 0,162304; 2,85001; 48,9754; 
475; 0,159203; 2,84623; 48,9185; 
476; 0,156131; 2,84244; 48,8613; 
477; 0,15309; 2,83863; 48,8039; 
478; 0,150078; 2,8348; 48,7462; 
479; 0,147097; 2,83095; 48,6883; 
480; 0,144145; 2,82708; 48,6301; 
481; 0,141223; 2,82319; 48,5717; 
482; 0,138332; 2,81929; 48,513; 
483; 0,13547; 2,81536; 48,4541; 
484; 0,132638; 2,81142; 48,3949; 
485; 0,129836; 2,80746; 48,3355; 
486; 0,127063; 2,80349; 48,2758; 
487; 0,124321; 2,79949; 48,2158; 
488; 0,121609; 2,79548; 48,1556; 
489; 0,118926; 2,79145; 48,0952; 
490; 0,116274; 2,7874; 48,0344; 
491; 0,113651; 2,78333; 47,9734; 
492; 0,111059; 2,77925; 47,9122; 
493; 0,108496; 2,77514; 47,8506; 
494; 0,105963; 2,77102; 47,7888; 
495; 0,10346; 2,76689; 47,7268; 
496; 0,100987; 2,76273; 47,6644; 
497; 0,0985438; 2,75856; 47,6018; 
498; 0,0961306; 2,75437; 47,539; 
499; 0,0937474; 2,75016; 47,4758; 
500; 0,091394; 2,74594; 47,4124; 
501; 0,0890706; 2,7417; 47,3487; 
502; 0,086777; 2,73744; 47,2847; 
503; 0,0845134; 2,73317; 47,2205; 
504; 0,0822797; 2,72887; 47,1559; 
505; 0,0800759; 2,72456; 47,0911; 
506; 0,077902; 2,72024; 47,026; 
507; 0,0757581; 2,7159; 46,9606; 
508; 0,073644; 2,71154; 46,8949; 
509; 0,0715599; 2,70716; 46,829; 
510; 0,0695057; 2,70277; 46,7627; 
511; 0,0674814; 2,69836; 46,6962; 
512; 0,065487; 2,69393; 46,6293; 
513; 0,0635226; 2,68949; 46,5622; 
514; 0,061588; 2,68503; 46,4948; 
515; 0,0596834; 2,68056; 46,4271; 
516; 0,0578086; 2,67607; 46,3591; 
517; 0,0559638; 2,67156; 46,2907; 
518; 0,054149; 2,66704; 46,2221; 
519; 0,052364; 2,6625; 46,1532; 
520; 0,0506089; 2,65794; 46,084; 
521; 0,0488838; 2,65337; 46,0144; 
522; 0,0471885; 2,64879; 45,9446; 
523; 0,0455232; 2,64418; 45,8744; 
524; 0,0438878; 2,63956; 45,8039; 
525; 0,0422824; 2,63493; 45,7332; 
526; 0,0407068; 2,63028; 45,6621; 
527; 0,0391611; 2,62562; 45,5906; 
528; 0,0376454; 2,62093; 45,5189; 
529; 0,0361596; 2,61624; 45,4468; 
530; 0,0347037; 2,61153; 45,3745; 
531; 0,0332777; 2,6068; 45,3018; 
532; 0,0318816; 2,60206; 45,2287; 
533; 0,0305154; 2,5973; 45,1554; 
534; 0,0291792; 2,59253; 45,0817; 
535; 0,0278729; 2,58774; 45,0077; 
536; 0,0265964; 2,58294; 44,9333; 
537; 0,0253499; 2,57812; 44,8586; 
538; 0,0241334; 2,57329; 44,7836; 
539; 0,0229467; 2,56844; 44,7082; 
540; 0,0217899; 2,56358; 44,6325; 
541; 0,0206631; 2,5587; 44,5565; 
542; 0,0195662; 2,55381; 44,4801; 
543; 0,0184992; 2,54891; 44,4033; 
544; 0,0174621; 2,54398; 44,3262; 
545; 0,0164549; 2,53905; 44,2488; 
546; 0,0154776; 2,5341; 44,171; 
547; 0,0145303; 2,52914; 44,0928; 
548; 0,0136128; 2,52416; 44,0143; 
549; 0,0127253; 2,51917; 43,9354; 
550; 0,0118677; 2,51416; 43,8562; 
551; 0,01104; 2,50914; 43,7766; 
552; 0,0102423; 2,5041; 43,6966; 
553; 0,0094744; 2,49906; 43,6163; 
554; 0,00873646; 2,49399; 43,5356; 
555; 0,00802843; 2,48892; 43,4545; 
556; 0,00735032; 2,48383; 43,373; 
557; 0,00670212; 2,47872; 43,2912; 
558; 0,00608384; 2,47361; 43,2089; 
559; 0,00549548; 2,46848; 43,1263; 
560; 0,00493703; 2,46333; 43,0434; 
561; 0,00440849; 2,45817; 42,96; 
562; 0,00390987; 2,453; 42,8762; 
563; 0,00344117; 2,44782; 42,792; 
564; 0,00300238; 2,44262; 42,7075; 
565; 0,0025935; 2,43741; 42,6225; 
566; 0,00221455; 2,43218; 42,5372; 
567; 0,0018655; 2,42694; 42,4514; 
568; 0,00154637; 2,42169; 42,3652; 
569; 0,00125716; 2,41643; 42,2787; 
570; 0,000997863; 2,41115; 42,1917; 
571; 0,000768481; 2,40586; 42,1043; 
572; 0,000569016; 2,40056; 42,0165; 
573; 0,000399467; 2,39524; 41,9282; 
574; 0,000259835; 2,38991; 41,8396; 
575; 0,000150127; 2,38457; 41,7505; 
576; 7,03594e-05; 2,37922; 41,661; 
577; 2,0672e-05; 2,37385; 41,571; 
578; 6,75489e-07; 2,36847; 41,4807; 
579; -2,50314e-06; 2,3631; 41,3901; 
580; -2,50314e-06; 2,35773; 41,2997; 
581; -2,50314e-06; 2,35239; 41,2094; 
582; -2,50314e-06; 2,34706; 41,1194; 
583; -2,50314e-06; 2,34175; 41,0295; 
584; -2,50314e-06; 2,33645; 40,9398; 
585; -2,50314e-06; 2,33118; 40,8502; 
586; -2,50314e-06; 2,32592; 40,7609; 
587; -2,50314e-06; 2,32067; 40,6717; 
588; -2,50314e-06; 2,31545; 40,5827; 
589; -2,50314e-06; 2,31024; 40,4939; 
590; -2,50314e-06; 2,30505; 40,4053; 
591; -2,50314e-06; 2,29988; 40,3169; 
592; -2,50314e-06; 2,29472; 40,2286; 
593; -2,50314e-06; 2,28958; 40,1406; 
594; -2,50314e-06; 2,28446; 40,0527; 
595; -2,50314e-06; 2,27935; 39,965; 
596; -2,50314e-06; 2,27426; 39,8775; 
597; -2,50314e-06; 2,26919; 39,7902; 
598; -2,50314e-06; 2,26413; 39,7031; 
599; -2,50314e-06; 2,25909; 39,6162; 
600; -2,50314e-06; 2,25407; 39,5294; 
601; -2,50314e-06; 2,24907; 39,4429; 
602; -2,50314e-06; 2,24408; 39,3565; 
603; -2,50314e-06; 2,23911; 39,2704; 
604; -2,50314e-06; 2,23415; 39,1844; 
605; -2,50314e-06; 2,22921; 39,0986; 
606; -2,50314e-06; 2,22429; 39,0131; 
607; -2,50314e-06; 2,21938; 38,9277; 
608; -2,50314e-06; 2,2145; 38,8425; 
609; -2,50314e-06; 2,20962; 38,7575; 
610; -2,50314e-06; 2,20477; 38,6727; 
611; -2,50314e-06; 2,19993; 38,5881; 
612; -2,50314e-06; 2,1951; 38,5037; 
613; -2,50314e-06; 2,19029; 38,4195; 
614; -2,50314e-06; 2,1855; 38,3355; 
615; -2,50314e-06; 2,18073; 38,2517; 
616; -2,50314e-06; 2,17597; 38,1681; 
617; -2,50314e-06; 2,17122; 38,0847; 
618; -2,50314e-06; 2,1665; 38,0015; 
619; -2,50314e-06; 2,16179; 37,9186; 
620; -2,50314e-06; 2,15709; 37,8358; 
621; -2,50314e-06; 2,15241; 37,7532; 
622; -2,50314e-06; 2,14775; 37,6708; 
623; -2,50314e-06; 2,1431; 37,5886; 
624; -2,50314e-06; 2,13847; 37,5067; 
625; -2,50314e-06; 2,13386; 37,4249; 
626; -2,50314e-06; 2,12926; 37,3434; 
627; -2,50314e-06; 2,12467; 37,262; 
628; -2,50314e-06; 2,1201; 37,1809; 
629; -2,50314e-06; 2,11555; 37,0999; 
630; -2,50314e-06; 2,11101; 37,0192; 
631; -2,50314e-06; 2,10649; 36,9387; 
632; -2,50314e-06; 2,10199; 36,8584; 
633; -2,50314e-06; 2,0975; 36,7783; 
634; -2,50314e-06; 2,09302; 36,6984; 
635; -2,50314e-06; 2,08856; 36,6187; 
636; -2,50314e-06; 2,08412; 36,5393; 
637; -2,50314e-06; 2,07969; 36,46; 
638; -2,50314e-06; 2,07527; 36,381; 
639; -2,50314e-06; 2,07088; 36,3021; 
640; -2,50314e-06; 2,06649; 36,2235; 
641; -2,50314e-06; 2,06213; 36,1451; 
642; -2,50314e-06; 2,05777; 36,0669; 
643; -2,50314e-06; 2,05344; 35,989; 
644; -2,50314e-06; 2,04911; 35,9112; 
645; -2,50314e-06; 2,04481; 35,8337; 
646; -2,50314e-06; 2,04051; 35,7563; 
647; -2,50314e-06; 2,03624; 35,6792; 
648; -2,50314e-06; 2,03197; 35,6023; 
649; -2,50314e-06; 2,02773; 35,5257; 
650; -2,50314e-06; 2,0235; 35,4492; 
651; -2,50314e-06; 2,01928; 35,373; 
652; -2,50314e-06; 2,01507; 35,2969; 
653; -2,50314e-06; 2,01089; 35,2211; 
654; -2,50314e-06; 2,00671; 35,1456; 
655; -2,50314e-06; 2,00256; 35,0702; 
656; -2,50314e-06; 1,99841; 34,995; 
657; -2,50314e-06; 1,99428; 34,9201; 
658; -2,50314e-06; 1,99017; 34,8454; 
659; -2,50314e-06; 1,98607; 34,7709; 
660; -2,50314e-06; 1,98198; 34,6967; 
661; -2,50314e-06; 1,97791; 34,6226; 
662; -2,50314e-06; 1,97385; 34,5488; 
663; -2,50314e-06; 1,96981; 34,4752; 
664; -2,50314e-06; 1,96578; 34,4018; 
665; -2,50314e-06; 1,96177; 34,3287; 
666; -2,50314e-06; 1,95777; 34,2558; 
667; -2,50314e-06; 1,95379; 34,1831; 
668; -2,50314e-06; 1,94982; 34,1106; 
669; -2,50314e-06; 1,94586; 34,0383; 
670; -2,50314e-06; 1,94192; 33,9663; 
671; -2,50314e-06; 1,93799; 33,8945; 
672; -2,50314e-06; 1,93408; 33,8229; 
673; -2,50314e-06; 1,93018; 33,7515; 
674; -2,50314e-06; 1,92629; 33,6804; 
675; -2,50314e-06; 1,92242; 33,6095; 
676; -2,50314e-06; 1,91856; 33,5388; 
677; -2,50314e-06; 1,91471; 33,4684; 
678; -2,50314e-06; 1,91088; 33,3981; 
679; -2,50314e-06; 1,90707; 33,3281; 
680; -2,50314e-06; 1,90326; 33,2584; 
681; -2,50314e-06; 1,89948; 33,1888; 
682; -2,50314e-06; 1,8957; 33,1195; 
683; -2,50314e-06; 1,89194; 33,0504; 
684; -2,50314e-06; 1,88819; 32,9815; 
685; -2,50314e-06; 1,88446; 32,9129; 
686; -2,50314e-06; 1,88074; 32,8445; 
687; -2,50314e-06; 1,87703; 32,7763; 
688; -2,50314e-06; 1,87334; 32,7084; 
689; -2,50314e-06; 1,86965; 32,6406; 
690; -2,50314e-06; 1,86599; 32,5731; 
691; -2,50314e-06; 1,86233; 32,5059; 
692; -2,50314e-06; 1,85869; 32,4388; 
693; -2,50314e-06; 1,85507; 32,372; 
694; -2,50314e-06; 1,85145; 32,3054; 
695; -2,50314e-06; 1,84785; 32,2391; 
696; -2,50314e-06; 1,84427; 32,173; 
697; -2,50314e-06; 1,84069; 32,1071; 
698; -2,50314e-06; 1,83713; 32,0414; 
699; -2,50314e-06; 1,83359; 31,976; 
700; -2,50314e-06; 1,83005; 31,9108; 
701; -2,50314e-06; 1,82653; 31,8458; 
702; -2,50314e-06; 1,82302; 31,7811; 
703; -2,50314e-06; 1,81953; 31,7166; 
704; -2,50314e-06; 1,81604; 31,6523; 
705; -2,50314e-06; 1,81257; 31,5883; 
706; -2,50314e-06; 1,80912; 31,5244; 
707; -2,50314e-06; 1,80567; 31,4609; 
708; -2,50314e-06; 1,80224; 31,3975; 
709; -2,50314e-06; 1,79882; 31,3344; 
710; -2,50314e-06; 1,79542; 31,2715; 
711; -2,50314e-06; 1,79202; 31,2088; 
712; -2,50314e-06; 1,78864; 31,1464; 
713; -2,50314e-06; 1,78528; 31,0842; 
714; -2,50314e-06; 1,78192; 31,0222; 
715; -2,50314e-06; 1,77858; 30,9605; 
716; -2,50314e-06; 1,77525; 30,899; 
717; -2,50314e-06; 1,77193; 30,8377; 
718; -2,50314e-06; 1,76863; 30,7766; 
719; -2,50314e-06; 1,76533; 30,7158; 
720; -2,50314e-06; 1,76205; 30,6552; 
721; -2,50314e-06; 1,75878; 30,5949; 
722; -2,50314e-06; 1,75553; 30,5347; 
723; -2,50314e-06; 1,75229; 30,4749; 
724; -2,50314e-06; 1,74905; 30,4152; 
725; -2,50314e-06; 1,74584; 30,3558; 
726; -2,50314e-06; 1,74263; 30,2966; 
727; -2,50314e-06; 1,73943; 30,2376; 
728; -2,50314e-06; 1,73625; 30,1788; 
729; -2,50314e-06; 1,73308; 30,1203; 
730; -2,50314e-06; 1,72992; 30,0621; 
731; -2,50314e-06; 1,72677; 30,004; 
732; -2,50314e-06; 1,72364; 29,9462; 
733; -2,50314e-06; 1,72052; 29,8886; 
734; -2,50314e-06; 1,71741; 29,8312; 
735; -2,50314e-06; 1,71431; 29,7741; 
736; -2,50314e-06; 1,71122; 29,7172; 
737; -2,50314e-06; 1,70814; 29,6605; 
738; -2,50314e-06; 1,70508; 29,6041; 
739; -2,50314e-06; 1,70203; 29,5479; 
740; -2,50314e-06; 1,69899; 29,4919; 
741; -2,50314e-06; 1,69596; 29,4361; 
742; -2,50314e-06; 1,69294; 29,3806; 
743; -2,50314e-06; 1,68994; 29,3253; 
744; -2,50314e-06; 1,68694; 29,2703; 
745; -2,50314e-06; 1,68396; 29,2154; 
746; -2,50314e-06; 1,68099; 29,1608; 
747; -2,50314e-06; 1,67803; 29,1064; 
748; -2,50314e-06; 1,67508; 29,0523; 
749; -2,50314e-06; 1,67215; 28,9983; 
750; -2,50314e-06; 1,66922; 28,9446; 
751; -2,50314e-06; 1,66631; 28,8912; 
752; -2,50314e-06; 1,6634; 28,8379; 
753; -2,50314e-06; 1,66051; 28,7849; 
754; -2,50314e-06; 1,65763; 28,7321; 
755; -2,50314e-06; 1,65476; 28,6796; 
756; -2,50314e-06; 1,6519; 28,6272; 
757; -2,50314e-06; 1,64906; 28,5751; 
758; -2,50314e-06; 1,64622; 28,5232; 
759; -2,50314e-06; 1,6434; 28,4716; 
760; -2,50314e-06; 1,64058; 28,4201; 
761; -2,50314e-06; 1,63778; 28,3689; 
762; -2,50314e-06; 1,63499; 28,3179; 
763; -2,50314e-06; 1,6322; 28,2672; 
764; -2,50314e-06; 1,62943; 28,2166; 
765; -2,50314e-06; 1,62667; 28,1663; 
766; -2,50314e-06; 1,62393; 28,1162; 
767; -2,50314e-06; 1,62119; 28,0663; 
768; -2,50314e-06; 1,61846; 28,0167; 
769; -2,50314e-06; 1,61574; 27,9673; 
770; -2,50314e-06; 1,61304; 27,9181; 
771; -2,50314e-06; 1,61034; 27,8691; 
772; -2,50314e-06; 1,60766; 27,8204; 
773; -2,50314e-06; 1,60498; 27,7718; 
774; -2,50314e-06; 1,60232; 27,7235; 
775; -2,50314e-06; 1,59967; 27,6754; 
776; -2,50314e-06; 1,59703; 27,6275; 
777; -2,50314e-06; 1,59439; 27,5799; 
778; -2,50314e-06; 1,59177; 27,5325; 
779; -2,50314e-06; 1,58916; 27,4852; 
780; -2,50314e-06; 1,58656; 27,4383; 
781; -2,50314e-06; 1,58397; 27,3915; 
782; -2,50314e-06; 1,58139; 27,3449; 
783; -2,50314e-06; 1,57882; 27,2986; 
784; -2,50314e-06; 1,57626; 27,2525; 
785; -2,50314e-06; 1,57371; 27,2066; 
786; -2,50314e-06; 1,57117; 27,1609; 
787; -2,50314e-06; 1,56864; 27,1154; 
788; -2,50314e-06; 1,56612; 27,0702; 
789; -2,50314e-06; 1,56361; 27,0251; 
790; -2,50314e-06; 1,56111; 26,9803; 
791; -2,50314e-06; 1,55862; 26,9357; 
792; -2,50314e-06; 1,55614; 26,8913; 
793; -2,50314e-06; 1,55367; 26,8471; 
794; -2,50314e-06; 1,55121; 26,8032; 
795; -2,50314e-06; 1,54876; 26,7594; 
796; -2,50314e-06; 1,54632; 26,7159; 
797; -2,50314e-06; 1,54389; 26,6726; 
798; -2,50314e-06; 1,54147; 26,6294; 
799; -2,50314e-06; 1,53906; 26,5865; 
800; -2,50314e-06; 1,53666; 26,5438; 
801; -2,50314e-06; 1,53427; 26,5014; 
802; -2,50314e-06; 1,53189; 26,4591; 
803; -2,50314e-06; 1,52952; 26,417; 
804; -2,50314e-06; 1,52715; 26,3752; 
805; -2,50314e-06; 1,5248; 26,3335; 
806; -2,50314e-06; 1,52246; 26,2921; 
807; -2,50314e-06; 1,52012; 26,2509; 
808; -2,50314e-06; 1,5178; 26,2099; 
809; -2,50314e-06; 1,51548; 26,1691; 
810; -2,50314e-06; 1,51318; 26,1285; 
811; -2,50314e-06; 1,51088; 26,0881; 
812; -2,50314e-06; 1,50859; 26,0479; 
813; -2,50314e-06; 1,50632; 26,0079; 
814; -2,50314e-06; 1,50405; 25,9681; 
815; -2,50314e-06; 1,50179; 25,9285; 
816; -2,50314e-06; 1,49954; 25,8891; 
817; -2,50314e-06; 1,4973; 25,85; 
818; -2,50314e-06; 1,49506; 25,811; 
819; -2,50314e-06; 1,49284; 25,7722; 
820; -2,50314e-06; 1,49063; 25,7337; 
821; -2,50314e-06; 1,48842; 25,6953; 
822; -2,50314e-06; 1,48623; 25,6571; 
823; -2,50314e-06; 1,48404; 25,6192; 
824; -2,50314e-06; 1,48186; 25,5814; 
825; -2,50314e-06; 1,47969; 25,5439; 
826; -2,50314e-06; 1,47753; 25,5065; 
827; -2,50314e-06; 1,47538; 25,4693; 
828; -2,50314e-06; 1,47324; 25,4323; 
829; -2,50314e-06; 1,47111; 25,3956; 
830; -2,50314e-06; 1,46898; 25,359; 
831; -2,50314e-06; 1,46687; 25,3226; 
832; -2,50314e-06; 1,46476; 25,2864; 
833; -2,50314e-06; 1,46266; 25,2504; 
834; -2,50314e-06; 1,46057; 25,2146; 
835; -2,50314e-06; 1,45849; 25,179; 
836; -2,50314e-06; 1,45642; 25,1436; 
837; -2,50314e-06; 1,45436; 25,1084; 
838; -2,50314e-06; 1,4523; 25,0734; 
839; -2,50314e-06; 1,45025; 25,0385; 
840; -2,50314e-06; 1,44821; 25,0039; 
841; -2,50314e-06; 1,44618; 24,9694; 
842; -2,50314e-06; 1,44416; 24,9351; 
843; -2,50314e-06; 1,44215; 24,9011; 
844; -2,50314e-06; 1,44015; 24,8672; 
845; -2,50314e-06; 1,43815; 24,8335; 
846; -2,50314e-06; 1,43616; 24,8; 
847; -2,50314e-06; 1,43418; 24,7666; 
848; -2,50314e-06; 1,43221; 24,7335; 
849; -2,50314e-06; 1,43025; 24,7005; 
850; -2,50314e-06; 1,42829; 24,6678; 
851; -2,50314e-06; 1,42634; 24,6352; 
852; -2,50314e-06; 1,42441; 24,6028; 
853; -2,50314e-06; 1,42247; 24,5705; 
854; -2,50314e-06; 1,42055; 24,5385; 
855; -2,50314e-06; 1,41864; 24,5066; 
856; -2,50314e-06; 1,41673; 24,475; 
857; -2,50314e-06; 1,41483; 24,4435; 
858; -2,50314e-06; 1,41294; 24,4122; 
859; -2,50314e-06; 1,41106; 24,381; 
860; -2,50314e-06; 1,40918; 24,3501; 
861; -2,50314e-06; 1,40732; 24,3193; 
862; -2,50314e-06; 1,40546; 24,2887; 
863; -2,50314e-06; 1,40361; 24,2582; 
864; -2,50314e-06; 1,40176; 24,228; 
865; -2,50314e-06; 1,39993; 24,1979; 
866; -2,50314e-06; 1,3981; 24,168; 
867; -2,50314e-06; 1,39628; 24,1383; 
868; -2,50314e-06; 1,39447; 24,1087; 
869; -2,50314e-06; 1,39266; 24,0794; 
870; -2,50314e-06; 1,39086; 24,0502; 
871; -2,50314e-06; 1,38907; 24,0211; 
872; -2,50314e-06; 1,38729; 23,9923; 
873; -2,50314e-06; 1,38552; 23,9636; 
874; -2,50314e-06; 1,38375; 23,9351; 
875; -2,50314e-06; 1,38199; 23,9067; 
876; -2,50314e-06; 1,38024; 23,8785; 
877; -2,50314e-06; 1,37849; 23,8505; 
878; -2,50314e-06; 1,37676; 23,8226; 
879; -2,50314e-06; 1,37503; 23,795; 
880; -2,50314e-06; 1,3733; 23,7675; 
881; -2,50314e-06; 1,37159; 23,7401; 
882; -2,50314e-06; 1,36988; 23,7129; 
883; -2,50314e-06; 1,36818; 23,6859; 
884; -2,50314e-06; 1,36649; 23,659; 
885; -2,50314e-06; 1,3648; 23,6323; 
886; -2,50314e-06; 1,36312; 23,6058; 
887; -2,50314e-06; 1,36145; 23,5794; 
888; -2,50314e-06; 1,35979; 23,5532; 
889; -2,50314e-06; 1,35813; 23,5272; 
890; -2,50314e-06; 1,35648; 23,5013; 
891; -2,50314e-06; 1,35484; 23,4755; 
892; -2,50314e-06; 1,3532; 23,45; 
893; -2,50314e-06; 1,35157; 23,4246; 
894; -2,50314e-06; 1,34995; 23,3993; 
895; -2,50314e-06; 1,34833; 23,3742; 
896; -2,50314e-06; 1,34672; 23,3492; 
897; -2,50314e-06; 1,34512; 23,3245; 
898; -2,50314e-06; 1,34353; 23,2998; 
899; -2,50314e-06; 1,34194; 23,2753; 
900; -2,50314e-06; 1,34036; 23,251; 
901; -2,50314e-06; 1,33879; 23,2268; 
902; -2,50314e-06; 1,33722; 23,2028; 
903; -2,50314e-06; 1,33566; 23,1789; 
904; -2,50314e-06; 1,33411; 23,1552; 
905; -2,50314e-06; 1,33256; 23,1316; 
906; -2,50314e-06; 1,33102; 23,1082; 
907; -2,50314e-06; 1,32948; 23,0849; 
908; -2,50314e-06; 1,32796; 23,0618; 
909; -2,50314e-06; 1,32644; 23,0388; 
910; -2,50314e-06; 1,32492; 23,016; 
911; -2,50314e-06; 1,32342; 22,9933; 
912; -2,50314e-06; 1,32191; 22,9707; 
913; -2,50314e-06; 1,32042; 22,9483; 
914; -2,50314e-06; 1,31893; 22,9261; 
915; -2,50314e-06; 1,31745; 22,904; 
916; -2,50314e-06; 1,31598; 22,882; 
917; -2,50314e-06; 1,31451; 22,8602; 
918; -2,50314e-06; 1,31305; 22,8385; 
919; -2,50314e-06; 1,31159; 22,8169; 
920; -2,50314e-06; 1,31014; 22,7955; 
921; -2,50314e-06; 1,3087; 22,7742; 
922; -2,50314e-06; 1,30726; 22,7531; 
923; -2,50314e-06; 1,30583; 22,7321; 
924; -2,50314e-06; 1,30441; 22,7113; 
925; -2,50314e-06; 1,30299; 22,6906; 
926; -2,50314e-06; 1,30158; 22,67; 
927; -2,50314e-06; 1,30017; 22,6495; 
928; -2,50314e-06; 1,29877; 22,6292; 
929; -2,50314e-06; 1,29738; 22,609; 
930; -2,50314e-06; 1,29599; 22,589; 
931; -2,50314e-06; 1,29461; 22,5691; 
932; -2,50314e-06; 1,29324; 22,5493; 
933; -2,50314e-06; 1,29187; 22,5297; 
934; -2,50314e-06; 1,2905; 22,5101; 
935; -2,50314e-06; 1,28915; 22,4908; 
936; -2,50314e-06; 1,2878; 22,4715; 
937; -2,50314e-06; 1,28645; 22,4524; 
938; -2,50314e-06; 1,28511; 22,4334; 
939; -2,50314e-06; 1,28378; 22,4145; 
940; -2,50314e-06; 1,28245; 22,3958; 
941; -2,50314e-06; 1,28113; 22,3771; 
942; -2,50314e-06; 1,27981; 22,3587; 
943; -2,50314e-06; 1,2785; 22,3403; 
944; -2,50314e-06; 1,2772; 22,322; 
945; -2,50314e-06; 1,2759; 22,3039; 
946; -2,50314e-06; 1,27461; 22,2859; 
947; -2,50314e-06; 1,27332; 22,2681; 
948; -2,50314e-06; 1,27204; 22,2503; 
949; -2,50314e-06; 1,27076; 22,2327; 
950; -2,50314e-06; 1,26949; 22,2152; 
951; -2,50314e-06; 1,26823; 22,1978; 
952; -2,50314e-06; 1,26697; 22,1805; 
953; -2,50314e-06; 1,26572; 22,1634; 
954; -2,50314e-06; 1,26447; 22,1463; 
955; -2,50314e-06; 1,26323; 22,1294; 
956; -2,50314e-06; 1,26199; 22,1126; 
957; -2,50314e-06; 1,26076; 22,0959; 
958; -2,50314e-06; 1,25953; 22,0794; 
959; -2,50314e-06; 1,25831; 22,0629; 
960; -2,50314e-06; 1,2571; 22,0466; 
961; -2,50314e-06; 1,25589; 22,0303; 
962; -2,50314e-06; 1,25469; 22,0142; 
963; -2,50314e-06; 1,25349; 21,9982; 
964; -2,50314e-06; 1,25229; 21,9824; 
965; -2,50314e-06; 1,25111; 21,9666; 
966; -2,50314e-06; 1,24992; 21,9509; 
967; -2,50314e-06; 1,24875; 21,9354; 
968; -2,50314e-06; 1,24757; 21,9199; 
969; -2,50314e-06; 1,24641; 21,9046; 
970; -2,50314e-06; 1,24525; 21,8894; 
971; -2,50314e-06; 1,24409; 21,8742; 
972; -2,50314e-06; 1,24294; 21,8592; 
973; -2,50314e-06; 1,24179; 21,8443; 
974; -2,50314e-06; 1,24065; 21,8295; 
975; -2,50314e-06; 1,23952; 21,8148; 
976; -2,50314e-06; 1,23838; 21,8002; 
977; -2,50314e-06; 1,23726; 21,7858; 
978; -2,50314e-06; 1,23614; 21,7714; 
979; -2,50314e-06; 1,23502; 21,7571; 
980; -2,50314e-06; 1,23391; 21,7429; 
981; -2,50314e-06; 1,23281; 21,7288; 
982; -2,50314e-06; 1,23171; 21,7149; 
983; -2,50314e-06; 1,23061; 21,701; 
984; -2,50314e-06; 1,22952; 21,6872; 
985; -2,50314e-06; 1,22843; 21,6736; 
986; -2,50314e-06; 1,22735; 21,66; 
987; -2,50314e-06; 1,22628; 21,6465; 
988; -2,50314e-06; 1,2252; 21,6331; 
989; -2,50314e-06; 1,22414; 21,6198; 
990; -2,50314e-06; 1,22308; 21,6067; 
991; -2,50314e-06; 1,22202; 21,5936; 
992; -2,50314e-06; 1,22097; 21,5806; 
993; -2,50314e-06; 1,21992; 21,5677; 
994; -2,50314e-06; 1,21888; 21,5549; 
995; -2,50314e-06; 1,21784; 21,5422; 
996; -2,50314e-06; 1,21681; 21,5296; 
997; -2,50314e-06; 1,21578; 21,517; 
998; -2,50314e-06; 1,21475; 21,5046; 
999; -2,50314e-06; 1,21373; 21,4923; 
1000; -2,50314e-06; 1,21272; 21,48; 
1001; -2,50314e-06; 1,21171; 21,4678; 
1002; -2,50314e-06; 1,2107; 21,4558; 
1003; -2,50314e-06; 1,2097; 21,4438; 
1004; -2,50314e-06; 1,20871; 21,4319; 
1005; -2,50314e-06; 1,20772; 21,4201; 
1006; -2,50314e-06; 1,20673; 21,4084; 
1007; -2,50314e-06; 1,20575; 21,3968; 
1008; -2,50314e-06; 1,20477; 21,3852; 
1009; -2,50314e-06; 1,20379; 21,3738; 
1010; -2,50314e-06; 1,20282; 21,3624; 
1011; -2,50314e-06; 1,20186; 21,3511; 
1012; -2,50314e-06; 1,2009; 21,3399; 
1013; -2,50314e-06; 1,19994; 21,3288; 
1014; -2,50314e-06; 1,19899; 21,3178; 
1015; -2,50314e-06; 1,19804; 21,3068; 
1016; -2,50314e-06; 1,1971; 21,2959; 
1017; -2,50314e-06; 1,19616; 21,2852; 
1018; -2,50314e-06; 1,19522; 21,2745; 
1019; -2,50314e-06; 1,19429; 21,2638; 
1020; -2,50314e-06; 1,19337; 21,2533; 
1021; -2,50314e-06; 1,19245; 21,2428; 
1022; -2,50314e-06; 1,19153; 21,2325; 
1023; -2,50314e-06; 1,19061; 21,2221; 
1024; -2,50314e-06; 1,1897; 21,2119; 
1025; -2,50314e-06; 1,1888; 21,2018; 
1026; -2,50314e-06; 1,1879; 21,1917; 
1027; -2,50314e-06; 1,187; 21,1817; 
1028; -2,50314e-06; 1,18611; 21,1718; 
1029; -2,50314e-06; 1,18522; 21,1619; 
1030; -2,50314e-06; 1,18434; 21,1522; 
1031; -2,50314e-06; 1,18345; 21,1425; 
1032; -2,50314e-06; 1,18258; 21,1329; 
1033; -2,50314e-06; 1,18171; 21,1233; 
1034; -2,50314e-06; 1,18084; 21,1139; 
1035; -2,50314e-06; 1,17997; 21,1045; 
1036; -2,50314e-06; 1,17911; 21,0951; 
1037; -2,50314e-06; 1,17825; 21,0859; 
1038; -2,50314e-06; 1,1774; 21,0767; 
1039; -2,50314e-06; 1,17655; 21,0676; 
1040; -2,50314e-06; 1,17571; 21,0586; 
1041; -2,50314e-06; 1,17487; 21,0496; 
1042; -2,50314e-06; 1,17403; 21,0407; 
1043; -2,50314e-06; 1,1732; 21,0319; 
1044; -2,50314e-06; 1,17237; 21,0231; 
1045; -2,50314e-06; 1,17154; 21,0144; 
1046; -2,50314e-06; 1,17072; 21,0058; 
1047; -2,50314e-06; 1,1699; 20,9972; 
1048; -2,50314e-06; 1,16909; 20,9887; 
1049; -2,50314e-06; 1,16828; 20,9803; 
1050; -2,50314e-06; 1,16747; 20,972; 
1051; -2,50314e-06; 1,16667; 20,9637; 
1052; -2,50314e-06; 1,16587; 20,9554; 
1053; -2,50314e-06; 1,16507; 20,9473; 
1054; -2,50314e-06; 1,16428; 20,9392; 
1055; -2,50314e-06; 1,16349; 20,9311; 
1056; -2,50314e-06; 1,16271; 20,9232; 
1057; -2,50314e-06; 1,16193; 20,9153; 
1058; -2,50314e-06; 1,16115; 20,9074; 
1059; -2,50314e-06; 1,16037; 20,8996; 
1060; -2,50314e-06; 1,1596; 20,8919; 
1061; -2,50314e-06; 1,15884; 20,8842; 
1062; -2,50314e-06; 1,15807; 20,8766; 
1063; -2,50314e-06; 1,15731; 20,8691; 
1064; -2,50314e-06; 1,15656; 20,8616; 
1065; -2,50314e-06; 1,15581; 20,8542; 
1066; -2,50314e-06; 1,15506; 20,8468; 
1067; -2,50314e-06; 1,15431; 20,8395; 
1068; -2,50314e-06; 1,15357; 20,8323; 
1069; -2,50314e-06; 1,15283; 20,8251; 
1070; -2,50314e-06; 1,15209; 20,818; 
1071; -2,50314e-06; 1,15136; 20,8109; 
1072; -2,50314e-06; 1,15063; 20,8039; 
1073; -2,50314e-06; 1,14991; 20,7969; 
1074; -2,50314e-06; 1,14919; 20,79; 
1075; -2,50314e-06; 1,14847; 20,7832; 
1076; -2,50314e-06; 1,14775; 20,7764; 
1077; -2,50314e-06; 1,14704; 20,7697; 
1078; -2,50314e-06; 1,14633; 20,763; 
1079; -2,50314e-06; 1,14563; 20,7563; 
1080; -2,50314e-06; 1,14493; 20,7498; 
1081; -2,50314e-06; 1,14423; 20,7433; 
1082; -2,50314e-06; 1,14353; 20,7368; 
1083; -2,50314e-06; 1,14284; 20,7304; 
1084; -2,50314e-06; 1,14215; 20,724; 
1085; -2,50314e-06; 1,14147; 20,7177; 
1086; -2,50314e-06; 1,14079; 20,7114; 
1087; -2,50314e-06; 1,14011; 20,7052; 
1088; -2,50314e-06; 1,13943; 20,6991; 
1089; -2,50314e-06; 1,13876; 20,6929; 
1090; -2,50314e-06; 1,13809; 20,6869; 
1091; -2,50314e-06; 1,13742; 20,6809; 
1092; -2,50314e-06; 1,13676; 20,6749; 
1093; -2,50314e-06; 1,1361; 20,669; 
1094; -2,50314e-06; 1,13544; 20,6631; 
1095; -2,50314e-06; 1,13479; 20,6573; 
1096; -2,50314e-06; 1,13414; 20,6516; 
1097; -2,50314e-06; 1,13349; 20,6458; 
1098; -2,50314e-06; 1,13284; 20,6402; 
1099; -2,50314e-06; 1,1322; 20,6345; 
1100; -2,50314e-06; 1,13156; 20,6289; 
1101; -2,50314e-06; 1,13093; 20,6234; 
1102; -2,50314e-06; 1,13029; 20,6179; 
1103; -2,50314e-06; 1,12966; 20,6125; 
1104; -2,50314e-06; 1,12903; 20,6071; 
1105; -2,50314e-06; 1,12841; 20,6017; 
1106; -2,50314e-06; 1,12779; 20,5964; 
1107; -2,50314e-06; 1,12717; 20,5911; 
1108; -2,50314e-06; 1,12656; 20,5859; 
1109; -2,50314e-06; 1,12594; 20,5807; 
1110; -2,50314e-06; 1,12533; 20,5756; 
1111; -2,50314e-06; 1,12473; 20,5705; 
1112; -2,50314e-06; 1,12412; 20,5655; 
1113; -2,50314e-06; 1,12352; 20,5605; 
1114; -2,50314e-06; 1,12292; 20,5555; 
1115; -2,50314e-06; 1,12233; 20,5506; 
1116; -2,50314e-06; 1,12174; 20,5457; 
1117; -2,50314e-06; 1,12115; 20,5408; 
1118; -2,50314e-06; 1,12056; 20,536; 
1119; -2,50314e-06; 1,11998; 20,5313; 
1120; -2,50314e-06; 1,11939; 20,5265; 
1121; -2,50314e-06; 1,11881; 20,5219; 
1122; -2,50314e-06; 1,11824; 20,5172; 
1123; -2,50314e-06; 1,11767; 20,5126; 
1124; -2,50314e-06; 1,11709; 20,508; 
1125; -2,50314e-06; 1,11653; 20,5035; 
1126; -2,50314e-06; 1,11596; 20,499; 
1127; -2,50314e-06; 1,1154; 20,4946; 
1128; -2,50314e-06; 1,11484; 20,4902; 
1129; -2,50314e-06; 1,11428; 20,4858; 
1130; -2,50314e-06; 1,11373; 20,4814; 
1131; -2,50314e-06; 1,11318; 20,4771; 
1132; -2,50314e-06; 1,11263; 20,4729; 
1133; -2,50314e-06; 1,11208; 20,4686; 
1134; -2,50314e-06; 1,11153; 20,4644; 
1135; -2,50314e-06; 1,11099; 20,4603; 
1136; -2,50314e-06; 1,11045; 20,4561; 
1137; -2,50314e-06; 1,10992; 20,4521; 
1138; -2,50314e-06; 1,10938; 20,448; 
1139; -2,50314e-06; 1,10885; 20,444; 
1140; -2,50314e-06; 1,10832; 20,44; 
1141; -2,50314e-06; 1,1078; 20,436; 
1142; -2,50314e-06; 1,10727; 20,4321; 
1143; -2,50314e-06; 1,10675; 20,4282; 
1144; -2,50314e-06; 1,10623; 20,4244; 
1145; -2,50314e-06; 1,10572; 20,4206; 
1146; -2,50314e-06; 1,1052; 20,4168; 
1147; -2,50314e-06; 1,10469; 20,413; 
1148; -2,50314e-06; 1,10418; 20,4093; 
1149; -2,50314e-06; 1,10367; 20,4056; 
1150; -2,50314e-06; 1,10317; 20,4019; 
1151; -2,50314e-06; 1,10267; 20,3983; 
1152; -2,50314e-06; 1,10217; 20,3947; 
1153; -2,50314e-06; 1,10167; 20,3912; 
1154; -2,50314e-06; 1,10118; 20,3876; 
1155; -2,50314e-06; 1,10068; 20,3841; 
1156; -2,50314e-06; 1,10019; 20,3806; 
1157; -2,50314e-06; 1,09971; 20,3772; 
1158; -2,50314e-06; 1,09922; 20,3738; 
1159; -2,50314e-06; 1,09874; 20,3704; 
1160; -2,50314e-06; 1,09826; 20,367; 
1161; -2,50314e-06; 1,09778; 20,3637; 
1162; -2,50314e-06; 1,0973; 20,3604; 
1163; -2,50314e-06; 1,09683; 20,3571; 
1164; -2,50314e-06; 1,09636; 20,3539; 
1165; -2,50314e-06; 1,09589; 20,3507; 
1166; -2,50314e-06; 1,09542; 20,3475; 
1167; -2,50314e-06; 1,09495; 20,3443; 
1168; -2,50314e-06; 1,09449; 20,3412; 
1169; -2,50314e-06; 1,09403; 20,3381; 
1170; -2,50314e-06; 1,09357; 20,335; 
1171; -2,50314e-06; 1,09311; 20,332; 
1172; -2,50314e-06; 1,09266; 20,329; 
1173; -2,50314e-06; 1,09221; 20,326; 
1174; -2,50314e-06; 1,09176; 20,323; 
1175; -2,50314e-06; 1,09131; 20,32; 
1176; -2,50314e-06; 1,09087; 20,3171; 
1177; -2,50314e-06; 1,09042; 20,3142; 
1178; -2,50314e-06; 1,08998; 20,3114; 
1179; -2,50314e-06; 1,08954; 20,3085; 
1180; -2,50314e-06; 1,08911; 20,3057; 
1181; -2,50314e-06; 1,08867; 20,3029; 
1182; -2,50314e-06; 1,08824; 20,3001; 
1183; -2,50314e-06; 1,08781; 20,2974; 
1184; -2,50314e-06; 1,08738; 20,2947; 
1185; -2,50314e-06; 1,08695; 20,292; 
1186; -2,50314e-06; 1,08653; 20,2893; 
1187; -2,50314e-06; 1,0861; 20,2866; 
1188; -2,50314e-06; 1,08568; 20,284; 
1189; -2,50314e-06; 1,08526; 20,2814; 
1190; -2,50314e-06; 1,08485; 20,2788; 
1191; -2,50314e-06; 1,08443; 20,2763; 
1192; -2,50314e-06; 1,08402; 20,2737; 
1193; -2,50314e-06; 1,08361; 20,2712; 
1194; -2,50314e-06; 1,0832; 20,2687; 
1195; -2,50314e-06; 1,08279; 20,2663; 
1196; -2,50314e-06; 1,08239; 20,2638; 
1197; -2,50314e-06; 1,08199; 20,2614; 
1198; -2,50314e-06; 1,08159; 20,259; 
1199; -2,50314e-06; 1,08119; 20,2566; 
1200; -2,50314e-06; 1,08079; 20,2542; 
1201; -2,50314e-06; 1,0804; 20,2519; 
1202; -2,50314e-06; 1,08; 20,2496; 
1203; -2,50314e-06; 1,07961; 20,2473; 
1204; -2,50314e-06; 1,07922; 20,245; 
1205; -2,50314e-06; 1,07883; 20,2427; 
1206; -2,50314e-06; 1,07845; 20,2405; 
1207; -2,50314e-06; 1,07806; 20,2383; 
1208; -2,50314e-06; 1,07768; 20,2361; 
1209; -2,50314e-06; 1,0773; 20,2339; 
1210; -2,50314e-06; 1,07692; 20,2317; 
1211; -2,50314e-06; 1,07655; 20,2296; 
1212; -2,50314e-06; 1,07617; 20,2275; 
1213; -2,50314e-06; 1,0758; 20,2254; 
1214; -2,50314e-06; 1,07543; 20,2233; 
1215; -2,50314e-06; 1,07506; 20,2212; 
1216; -2,50314e-06; 1,07469; 20,2192; 
1217; -2,50314e-06; 1,07432; 20,2171; 
1218; -2,50314e-06; 1,07396; 20,2151; 
1219; -2,50314e-06; 1,0736; 20,2131; 
1220; -2,50314e-06; 1,07324; 20,2111; 
1221; -2,50314e-06; 1,07288; 20,2092; 
1222; -2,50314e-06; 1,07252; 20,2072; 
1223; -2,50314e-06; 1,07217; 20,2053; 
1224; -2,50314e-06; 1,07181; 20,2034; 
1225; -2,50314e-06; 1,07146; 20,2015; 
1226; -2,50314e-06; 1,07111; 20,1996; 
1227; -2,50314e-06; 1,07076; 20,1978; 
1228; -2,50314e-06; 1,07042; 20,196; 
1229; -2,50314e-06; 1,07007; 20,1941; 
1230; -2,50314e-06; 1,06973; 20,1923; 
1231; -2,50314e-06; 1,06938; 20,1905; 
1232; -2,50314e-06; 1,06904; 20,1888; 
1233; -2,50314e-06; 1,06871; 20,187; 
1234; -2,50314e-06; 1,06837; 20,1853; 
1235; -2,50314e-06; 1,06803; 20,1835; 
1236; -2,50314e-06; 1,0677; 20,1818; 
1237; -2,50314e-06; 1,06737; 20,1801; 
1238; -2,50314e-06; 1,06704; 20,1785; 
1239; -2,50314e-06; 1,06671; 20,1768; 
1240; -2,50314e-06; 1,06638; 20,1751; 
1241; -2,50314e-06; 1,06605; 20,1735; 
1242; -2,50314e-06; 1,06573; 20,1719; 
1243; -2,50314e-06; 1,06541; 20,1703; 
1244; -2,50314e-06; 1,06509; 20,1687; 
1245; -2,50314e-06; 1,06477; 20,1671; 
1246; -2,50314e-06; 1,06445; 20,1655; 
1247; -2,50314e-06; 1,06413; 20,164; 
1248; -2,50314e-06; 1,06382; 20,1625; 
1249; -2,50314e-06; 1,0635; 20,1609; 
1250; -2,50314e-06; 1,06319; 20,1594; 
1251; -2,50314e-06; 1,06288; 20,1579; 
1252; -2,50314e-06; 1,06257; 20,1565; 
1253; -2,50314e-06; 1,06227; 20,155; 
1254; -2,50314e-06; 1,06196; 20,1535; 
1255; -2,50314e-06; 1,06166; 20,1521; 
1256; -2,50314e-06; 1,06135; 20,1507; 
1257; -2,50314e-06; 1,06105; 20,1493; 
1258; -2,50314e-06; 1,06075; 20,1479; 
1259; -2,50314e-06; 1,06045; 20,1465; 
1260; -2,50314e-06; 1,06016; 20,1451; 
1261; -2,50314e-06; 1,05986; 20,1437; 
1262; -2,50314e-06; 1,05957; 20,1424; 
1263; -2,50314e-06; 1,05927; 20,1411; 
1264; -2,50314e-06; 1,05898; 20,1397; 
1265; -2,50314e-06; 1,05869; 20,1384; 
1266; -2,50314e-06; 1,0584; 20,1371; 
1267; -2,50314e-06; 1,05812; 20,1358; 
1268; -2,50314e-06; 1,05783; 20,1345; 
1269; -2,50314e-06; 1,05755; 20,1333; 
1270; -2,50314e-06; 1,05726; 20,132; 
1271; -2,50314e-06; 1,05698; 20,1308; 
1272; -2,50314e-06; 1,0567; 20,1296; 
1273; -2,50314e-06; 1,05642; 20,1283; 
1274; -2,50314e-06; 1,05614; 20,1271; 
1275; -2,50314e-06; 1,05587; 20,1259; 
1276; -2,50314e-06; 1,05559; 20,1247; 
1277; -2,50314e-06; 1,05532; 20,1236; 
1278; -2,50314e-06; 1,05505; 20,1224; 
1279; -2,50314e-06; 1,05478; 20,1212; 
1280; -2,50314e-06; 1,05451; 20,1201; 
1281; -2,50314e-06; 1,05424; 20,119; 
1282; -2,50314e-06; 1,05397; 20,1178; 
1283; -2,50314e-06; 1,05371; 20,1167; 
1284; -2,50314e-06; 1,05344; 20,1156; 
1285; -2,50314e-06; 1,05318; 20,1145; 
1286; -2,50314e-06; 1,05292; 20,1134; 
1287; -2,50314e-06; 1,05266; 20,1124; 
1288; -2,50314e-06; 1,0524; 20,1113; 
1289; -2,50314e-06; 1,05214; 20,1103; 
1290; -2,50314e-06; 1,05188; 20,1092; 
1291; -2,50314e-06; 1,05163; 20,1082; 
1292; -2,50314e-06; 1,05137; 20,1072; 
1293; -2,50314e-06; 1,05112; 20,1061; 
1294; -2,50314e-06; 1,05087; 20,1051; 
1295; -2,50314e-06; 1,05062; 20,1041; 
1296; -2,50314e-06; 1,05037; 20,1032; 
1297; -2,50314e-06; 1,05012; 20,1022; 
1298; -2,50314e-06; 1,04987; 20,1012; 
1299; -2,50314e-06; 1,04963; 20,1003; 
1300; -2,50314e-06; 1,04938; 20,0993; 
1301; -2,50314e-06; 1,04914; 20,0984; 
1302; -2,50314e-06; 1,0489; 20,0974; 
1303; -2,50314e-06; 1,04866; 20,0965; 
1304; -2,50314e-06; 1,04842; 20,0956; 
1305; -2,50314e-06; 1,04818; 20,0947; 
1306; -2,50314e-06; 1,04794; 20,0938; 
1307; -2,50314e-06; 1,0477; 20,0929; 
1308; -2,50314e-06; 1,04747; 20,092; 
1309; -2,50314e-06; 1,04723; 20,0911; 
1310; -2,50314e-06; 1,047; 20,0903; 
1311; -2,50314e-06; 1,04677; 20,0894; 
1312; -2,50314e-06; 1,04654; 20,0886; 
1313; -2,50314e-06; 1,04631; 20,0877; 
1314; -2,50314e-06; 1,04608; 20,0869; 
1315; -2,50314e-06; 1,04585; 20,0861; 
1316; -2,50314e-06; 1,04563; 20,0852; 
1317; -2,50314e-06; 1,0454; 20,0844; 
1318; -2,50314e-06; 1,04518; 20,0836; 
1319; -2,50314e-06; 1,04496; 20,0828; 
1320; -2,50314e-06; 1,04473; 20,082; 
1321; -2,50314e-06; 1,04451; 20,0813; 
1322; -2,50314e-06; 1,04429; 20,0805; 
1323; -2,50314e-06; 1,04408; 20,0797; 
1324; -2,50314e-06; 1,04386; 20,079; 
1325; -2,50314e-06; 1,04364; 20,0782; 
1326; -2,50314e-06; 1,04343; 20,0775; 
1327; -2,50314e-06; 1,04321; 20,0767; 
1328; -2,50314e-06; 1,043; 20,076; 
1329; -2,50314e-06; 1,04279; 20,0753; 
1330; -2,50314e-06; 1,04258; 20,0745; 
1331; -2,50314e-06; 1,04237; 20,0738; 
1332; -2,50314e-06; 1,04216; 20,0731; 
1333; -2,50314e-06; 1,04195; 20,0724; 
1334; -2,50314e-06; 1,04174; 20,0717; 
1335; -2,50314e-06; 1,04154; 20,071; 
1336; -2,50314e-06; 1,04133; 20,0704; 
1337; -2,50314e-06; 1,04113; 20,0697; 
1338; -2,50314e-06; 1,04092; 20,069; 
1339; -2,50314e-06; 1,04072; 20,0684; 
1340; -2,50314e-06; 1,04052; 20,0677; 
1341; -2,50314e-06; 1,04032; 20,0671; 
1342; -2,50314e-06; 1,04012; 20,0664; 
1343; -2,50314e-06; 1,03992; 20,0658; 
1344; -2,50314e-06; 1,03973; 20,0652; 
1345; -2,50314e-06; 1,03953; 20,0645; 
1346; -2,50314e-06; 1,03933; 20,0639; 
1347; -2,50314e-06; 1,03914; 20,0633; 
1348; -2,50314e-06; 1,03895; 20,0627; 
1349; -2,50314e-06; 1,03875; 20,0621; 
1350; -2,50314e-06; 1,03856; 20,0615; 
1351; -2,50314e-06; 1,03837; 20,0609; 
1352; -2,50314e-06; 1,03818; 20,0603; 
1353; -2,50314e-06; 1,03799; 20,0598; 
1354; -2,50314e-06; 1,03781; 20,0592; 
1355; -2,50314e-06; 1,03762; 20,0586; 
1356; -2,50314e-06; 1,03743; 20,0581; 
1357; -2,50314e-06; 1,03725; 20,0575; 
1358; -2,50314e-06; 1,03706; 20,0569; 
1359; -2,50314e-06; 1,03688; 20,0564; 
1360; -2,50314e-06; 1,0367; 20,0559; 
1361; -2,50314e-06; 1,03652; 20,0553; 
1362; -2,50314e-06; 1,03634; 20,0548; 
1363; -2,50314e-06; 1,03616; 20,0543; 
1364; -2,50314e-06; 1,03598; 20,0537; 
1365; -2,50314e-06; 1,0358; 20,0532; 
1366; -2,50314e-06; 1,03562; 20,0527; 
1367; -2,50314e-06; 1,03545; 20,0522; 
1368; -2,50314e-06; 1,03527; 20,0517; 
1369; -2,50314e-06; 1,0351; 20,0512; 
1370; -2,50314e-06; 1,03492; 20,0507; 
1371; -2,50314e-06; 1,03475; 20,0502; 
1372; -2,50314e-06; 1,03458; 20,0497; 
1373; -2,50314e-06; 1,03441; 20,0493; 
1374; -2,50314e-06; 1,03424; 20,0488; 
1375; -2,50314e-06; 1,03407; 20,0483; 
1376; -2,50314e-06; 1,0339; 20,0479; 
1377; -2,50314e-06; 1,03373; 20,0474; 
1378; -2,50314e-06; 1,03357; 20,0469; 
1379; -2,50314e-06; 1,0334; 20,0465; 
1380; -2,50314e-06; 1,03324; 20,046; 
1381; -2,50314e-06; 1,03307; 20,0456; 
1382; -2,50314e-06; 1,03291; 20,0452; 
1383; -2,50314e-06; 1,03274; 20,0447; 
1384; -2,50314e-06; 1,03258; 20,0443; 
1385; -2,50314e-06; 1,03242; 20,0439; 
1386; -2,50314e-06; 1,03226; 20,0434; 
1387; -2,50314e-06; 1,0321; 20,043; 
1388; -2,50314e-06; 1,03194; 20,0426; 
1389; -2,50314e-06; 1,03178; 20,0422; 
1390; -2,50314e-06; 1,03163; 20,0418; 
1391; -2,50314e-06; 1,03147; 20,0414; 
1392; -2,50314e-06; 1,03132; 20,041; 
1393; -2,50314e-06; 1,03116; 20,0406; 
1394; -2,50314e-06; 1,03101; 20,0402; 
1395; -2,50314e-06; 1,03085; 20,0398; 
1396; -2,50314e-06; 1,0307; 20,0394; 
1397; -2,50314e-06; 1,03055; 20,039; 
1398; -2,50314e-06; 1,0304; 20,0387; 
1399; -2,50314e-06; 1,03025; 20,0383; 
1400; -2,50314e-06; 1,0301; 20,0379; 
1401; -2,50314e-06; 1,02995; 20,0376; 
1402; -2,50314e-06; 1,0298; 20,0372; 
1403; -2,50314e-06; 1,02965; 20,0368; 
1404; -2,50314e-06; 1,0295; 20,0365; 
1405; -2,50314e-06; 1,02936; 20,0361; 
1406; -2,50314e-06; 1,02921; 20,0358; 
1407; -2,50314e-06; 1,02907; 20,0354; 
1408; -2,50314e-06; 1,02892; 20,0351; 
1409; -2,50314e-06; 1,02878; 20,0348; 
1410; -2,50314e-06; 1,02864; 20,0344; 
1411; -2,50314e-06; 1,0285; 20,0341; 
1412; -2,50314e-06; 1,02836; 20,0338; 
1413; -2,50314e-06; 1,02822; 20,0334; 
1414; -2,50314e-06; 1,02808; 20,0331; 
1415; -2,50314e-06; 1,02794; 20,0328; 
1416; -2,50314e-06; 1,0278; 20,0325; 
1417; -2,50314e-06; 1,02766; 20,0321; 
1418; -2,50314e-06; 1,02752; 20,0318; 
1419; -2,50314e-06; 1,02739; 20,0315; 
1420; -2,50314e-06; 1,02725; 20,0312; 
1421; -2,50314e-06; 1,02712; 20,0309; 
1422; -2,50314e-06; 1,02698; 20,0306; 
1423; -2,50314e-06; 1,02685; 20,0303; 
1424; -2,50314e-06; 1,02672; 20,03; 
1425; -2,50314e-06; 1,02658; 20,0297; 
1426; -2,50314e-06; 1,02645; 20,0295; 
1427; -2,50314e-06; 1,02632; 20,0292; 
1428; -2,50314e-06; 1,02619; 20,0289; 
1429; -2,50314e-06; 1,02606; 20,0286; 
1430; -2,50314e-06; 1,02593; 20,0283; 
1431; -2,50314e-06; 1,0258; 20,0281; 
1432; -2,50314e-06; 1,02567; 20,0278; 
1433; -2,50314e-06; 1,02555; 20,0275; 
1434; -2,50314e-06; 1,02542; 20,0272; 
1435; -2,50314e-06; 1,0253; 20,027; 
1436; -2,50314e-06; 1,02517; 20,0267; 
1437; -2,50314e-06; 1,02505; 20,0265; 
1438; -2,50314e-06; 1,02492; 20,0262; 
1439; -2,50314e-06; 1,0248; 20,0259; 
1440; -2,50314e-06; 1,02467; 20,0257; 
1441; -2,50314e-06; 1,02455; 20,0254; 
1442; -2,50314e-06; 1,02443; 20,0252; 
1443; -2,50314e-06; 1,02431; 20,025; 
1444; -2,50314e-06; 1,02419; 20,0247; 
1445; -2,50314e-06; 1,02407; 20,0245; 
1446; -2,50314e-06; 1,02395; 20,0242; 
1447; -2,50314e-06; 1,02383; 20,024; 
1448; -2,50314e-06; 1,02371; 20,0238; 
1449; -2,50314e-06; 1,0236; 20,0235; 
1450; -2,50314e-06; 1,02348; 20,0233; 
1451; -2,50314e-06; 1,02336; 20,0231; 
1452; -2,50314e-06; 1,02325; 20,0229; 
1453; -2,50314e-06; 1,02313; 20,0226; 
1454; -2,50314e-06; 1,02302; 20,0224; 
1455; -2,50314e-06; 1,0229; 20,0222; 
1456; -2,50314e-06; 1,02279; 20,022; 
1457; -2,50314e-06; 1,02268; 20,0218; 
1458; -2,50314e-06; 1,02256; 20,0216; 
1459; -2,50314e-06; 1,02245; 20,0213; 
1460; -2,50314e-06; 1,02234; 20,0211; 
1461; -2,50314e-06; 1,02223; 20,0209; 
1462; -2,50314e-06; 1,02212; 20,0207; 
1463; -2,50314e-06; 1,02201; 20,0205; 
1464; -2,50314e-06; 1,0219; 20,0203; 
1465; -2,50314e-06; 1,02179; 20,0201; 
1466; -2,50314e-06; 1,02168; 20,0199; 
1467; -2,50314e-06; 1,02158; 20,0197; 
1468; -2,50314e-06; 1,02147; 20,0195; 
1469; -2,50314e-06; 1,02136; 20,0194; 
1470; -2,50314e-06; 1,02126; 20,0192; 
1471; -2,50314e-06; 1,02115; 20,019; 
1472; -2,50314e-06; 1,02105; 20,0188; 
1473; -2,50314e-06; 1,02094; 20,0186; 
1474; -2,50314e-06; 1,02084; 20,0184; 
1475; -2,50314e-06; 1,02073; 20,0182; 
1476; -2,50314e-06; 1,02063; 20,0181; 
1477; -2,50314e-06; 1,02053; 20,0179; 
1478; -2,50314e-06; 1,02043; 20,0177; 
1479; -2,50314e-06; 1,02033; 20,0175; 
1480; -2,50314e-06; 1,02022; 20,0174; 
1481; -2,50314e-06; 1,02012; 20,0172; 
1482; -2,50314e-06; 1,02002; 20,017; 
1483; -2,50314e-06; 1,01992; 20,0169; 
1484; -2,50314e-06; 1,01983; 20,0167; 
1485; -2,50314e-06; 1,01973; 20,0165; 
1486; -2,50314e-06; 1,01963; 20,0164; 
1487; -2,50314e-06; 1,01953; 20,0162; 
1488; -2,50314e-06; 1,01944; 20,0161; 
1489; -2,50314e-06; 1,01934; 20,0159; 
1490; -2,50314e-06; 1,01924; 20,0158; 
1491; -2,50314e-06; 1,01915; 20,0156; 
1492; -2,50314e-06; 1,01905; 20,0154; 
1493; -2,50314e-06; 1,01896; 20,0153; 
1494; -2,50314e-06; 1,01886; 20,0151; 
1495; -2,50314e-06; 1,01877; 20,015; 
1496; -2,50314e-06; 1,01868; 20,0149; 
1497; -2,50314e-06; 1,01858; 20,0147; 
1498; -2,50314e-06; 1,01849; 20,0146; 
1499; -2,50314e-06; 1,0184; 20,0144; 
1500; -2,50314e-06; 1,01831; 20,0143; 
1501; -2,50314e-06; 1,01822; 20,0141; 
1502; -2,50314e-06; 1,01813; 20,014; 
1503; -2,50314e-06; 1,01804; 20,0139; 
1504; -2,50314e-06; 1,01795; 20,0137; 
1505; -2,50314e-06; 1,01786; 20,0136; 
1506; -2,50314e-06; 1,01777; 20,0135; 
1507; -2,50314e-06; 1,01768; 20,0133; 
1508; -2,50314e-06; 1,01759; 20,0132; 
1509; -2,50314e-06; 1,01751; 20,0131; 
1510; -2,50314e-06; 1,01742; 20,0129; 
1511; -2,50314e-06; 1,01733; 20,0128; 
1512; -2,50314e-06; 1,01725; 20,0127; 
1513; -2,50314e-06; 1,01716; 20,0126; 
1514; -2,50314e-06; 1,01708; 20,0124; 
1515; -2,50314e-06; 1,01699; 20,0123; 
1516; -2,50314e-06; 1,01691; 20,0122; 
1517; -2,50314e-06; 1,01682; 20,0121; 
1518; -2,50314e-06; 1,01674; 20,012; 
1519; -2,50314e-06; 1,01666; 20,0118; 
1520; -2,50314e-06; 1,01657; 20,0117; 
1521; -2,50314e-06; 1,01649; 20,0116; 
1522; -2,50314e-06; 1,01641; 20,0115; 
1523; -2,50314e-06; 1,01633; 20,0114; 
1524; -2,50314e-06; 1,01625; 20,0113; 
1525; -2,50314e-06; 1,01617; 20,0112; 
1526; -2,50314e-06; 1,01609; 20,0111; 
1527; -2,50314e-06; 1,01601; 20,0109; 
1528; -2,50314e-06; 1,01593; 20,0108; 
1529; -2,50314e-06; 1,01585; 20,0107; 
1530; -2,50314e-06; 1,01577; 20,0106; 
1531; -2,50314e-06; 1,01569; 20,0105; 
1532; -2,50314e-06; 1,01561; 20,0104; 
1533; -2,50314e-06; 1,01554; 20,0103; 
1534; -2,50314e-06; 1,01546; 20,0102; 
1535; -2,50314e-06; 1,01538; 20,0101; 
1536; -2,50314e-06; 1,0153; 20,01; 
1537; -2,50314e-06; 1,01523; 20,0099; 
1538; -2,50314e-06; 1,01515; 20,0098; 
1539; -2,50314e-06; 1,01508; 20,0097; 
1540; -2,50314e-06; 1,015; 20,0096; 
1541; -2,50314e-06; 1,01493; 20,0095; 
1542; -2,50314e-06; 1,01485; 20,0094; 
1543; -2,50314e-06; 1,01478; 20,0094; 
1544; -2,50314e-06; 1,01471; 20,0093; 
1545; -2,50314e-06; 1,01463; 20,0092; 
1546; -2,50314e-06; 1,01456; 20,0091; 
1547; -2,50314e-06; 1,01449; 20,009; 
1548; -2,50314e-06; 1,01442; 20,0089; 
1549; -2,50314e-06; 1,01435; 20,0088; 
1550; -2,50314e-06; 1,01427; 20,0087; 
1551; -2,50314e-06; 1,0142; 20,0086; 
1552; -2,50314e-06; 1,01413; 20,0086; 
1553; -2,50314e-06; 1,01406; 20,0085; 
1554; -2,50314e-06; 1,01399; 20,0084; 
1555; -2,50314e-06; 1,01392; 20,0083; 
1556; -2,50314e-06; 1,01385; 20,0082; 
1557; -2,50314e-06; 1,01378; 20,0081; 
1558; -2,50314e-06; 1,01372; 20,0081; 
1559; -2,50314e-06; 1,01365; 20,008; 
1560; -2,50314e-06; 1,01358; 20,0079; 
1561; -2,50314e-06; 1,01351; 20,0078; 
1562; -2,50314e-06; 1,01345; 20,0078; 
1563; -2,50314e-06; 1,01338; 20,0077; 
1564; -2,50314e-06; 1,01331; 20,0076; 
1565; -2,50314e-06; 1,01325; 20,0075; 
1566; -2,50314e-06; 1,01318; 20,0075; 
1567; -2,50314e-06; 1,01311; 20,0074; 
1568; -2,50314e-06; 1,01305; 20,0073; 
1569; -2,50314e-06; 1,01298; 20,0072; 
1570; -2,50314e-06; 1,01292; 20,0072; 
1571; -2,50314e-06; 1,01286; 20,0071; 
1572; -2,50314e-06; 1,01279; 20,007; 
1573; -2,50314e-06; 1,01273; 20,007; 
1574; -2,50314e-06; 1,01267; 20,0069; 
1575; -2,50314e-06; 1,0126; 20,0068; 
1576; -2,50314e-06; 1,01254; 20,0068; 
1577; -2,50314e-06; 1,01248; 20,0067; 
1578; -2,50314e-06; 1,01242; 20,0066; 
1579; -2,50314e-06; 1,01235; 20,0066; 
1580; -2,50314e-06; 1,01229; 20,0065; 
1581; -2,50314e-06; 1,01223; 20,0064; 
1582; -2,50314e-06; 1,01217; 20,0064; 
1583; -2,50314e-06; 1,01211; 20,0063; 
1584; -2,50314e-06; 1,01205; 20,0062; 
1585; -2,50314e-06; 1,01199; 20,0062; 
1586; -2,50314e-06; 1,01193; 20,0061; 
1587; -2,50314e-06; 1,01187; 20,0061; 
1588; -2,50314e-06; 1,01181; 20,006; 
1589; -2,50314e-06; 1,01175; 20,0059; 
1590; -2,50314e-06; 1,01169; 20,0059; 
1591; -2,50314e-06; 1,01164; 20,0058; 
1592; -2,50314e-06; 1,01158; 20,0058; 
1593; -2,50314e-06; 1,01152; 20,0057; 
1594; -2,50314e-06; 1,01146; 20,0057; 
1595; -2,50314e-06; 1,01141; 20,0056; 
1596; -2,50314e-06; 1,01135; 20,0055; 
1597; -2,50314e-06; 1,01129; 20,0055; 
1598; -2,50314e-06; 1,01124; 20,0054; 
1599; -2,50314e-06; 1,01118; 20,0054; 
1600; -2,50314e-06; 1,01113; 20,0053; 
1601; -2,50314e-06; 1,01107; 20,0053; 
1602; -2,50314e-06; 1,01102; 20,0052; 
1603; -2,50314e-06; 1,01096; 20,0052; 
1604; -2,50314e-06; 1,01091; 20,0051; 
1605; -2,50314e-06; 1,01085; 20,0051; 
1606; -2,50314e-06; 1,0108; 20,005; 
1607; -2,50314e-06; 1,01074; 20,005; 
1608; -2,50314e-06; 1,01069; 20,0049; 
1609; -2,50314e-06; 1,01064; 20,0049; 
1610; -2,50314e-06; 1,01058; 20,0048; 
1611; -2,50314e-06; 1,01053; 20,0048; 
1612; -2,50314e-06; 1,01048; 20,0047; 
1613; -2,50314e-06; 1,01043; 20,0047; 
1614; -2,50314e-06; 1,01038; 20,0046; 
1615; -2,50314e-06; 1,01032; 20,0046; 
1616; -2,50314e-06; 1,01027; 20,0045; 
1617; -2,50314e-06; 1,01022; 20,0045; 
1618; -2,50314e-06; 1,01017; 20,0045; 
1619; -2,50314e-06; 1,01012; 20,0044; 
1620; -2,50314e-06; 1,01007; 20,0044; 
1621; -2,50314e-06; 1,01002; 20,0043; 
1622; -2,50314e-06; 1,00997; 20,0043; 
1623; -2,50314e-06; 1,00992; 20,0042; 
1624; -2,50314e-06; 1,00987; 20,0042; 
1625; -2,50314e-06; 1,00982; 20,0042; 
1626; -2,50314e-06; 1,00977; 20,0041; 
1627; -2,50314e-06; 1,00972; 20,0041; 
1628; -2,50314e-06; 1,00968; 20,004; 
1629; -2,50314e-06; 1,00963; 20,004; 
1630; -2,50314e-06; 1,00958; 20,004; 
1631; -2,50314e-06; 1,00953; 20,0039; 
1632; -2,50314e-06; 1,00948; 20,0039; 
1633; -2,50314e-06; 1,00944; 20,0038; 
1634; -2,50314e-06; 1,00939; 20,0038; 
1635; -2,50314e-06; 1,00934; 20,0038; 
1636; -2,50314e-06; 1,0093; 20,0037; 
1637; -2,50314e-06; 1,00925; 20,0037; 
1638; -2,50314e-06; 1,00921; 20,0037; 
1639; -2,50314e-06; 1,00916; 20,0036; 
1640; -2,50314e-06; 1,00911; 20,0036; 
1641; -2,50314e-06; 1,00907; 20,0036; 
1642; -2,50314e-06; 1,00902; 20,0035; 
1643; -2,50314e-06; 1,00898; 20,0035; 
1644; -2,50314e-06; 1,00893; 20,0034; 
1645; -2,50314e-06; 1,00889; 20,0034; 
1646; -2,50314e-06; 1,00885; 20,0034; 
1647; -2,50314e-06; 1,0088; 20,0033; 
1648; -2,50314e-06; 1,00876; 20,0033; 
1649; -2,50314e-06; 1,00871; 20,0033; 
1650; -2,50314e-06; 1,00867; 20,0032; 
1651; -2,50314e-06; 1,00863; 20,0032; 
1652; -2,50314e-06; 1,00858; 20,0032; 
1653; -2,50314e-06; 1,00854; 20,0032; 
1654; -2,50314e-06; 1,0085; 20,0031; 
1655; -2,50314e-06; 1,00846; 20,0031; 
1656; -2,50314e-06; 1,00841; 20,0031; 
1657; -2,50314e-06; 1,00837; 20,003; 
1658; -2,50314e-06; 1,00833; 20,003; 
1659; -2,50314e-06; 1,00829; 20,003; 
1660; -2,50314e-06; 1,00825; 20,0029; 
1661; -2,50314e-06; 1,00821; 20,0029; 
1662; -2,50314e-06; 1,00817; 20,0029; 
1663; -2,50314e-06; 1,00813; 20,0029; 
1664; -2,50314e-06; 1,00809; 20,0028; 
1665; -2,50314e-06; 1,00805; 20,0028; 
1666; -2,50314e-06; 1,00801; 20,0028; 
1667; -2,50314e-06; 1,00797; 20,0027; 
1668; -2,50314e-06; 1,00793; 20,0027; 
1669; -2,50314e-06; 1,00789; 20,0027; 
1670; -2,50314e-06; 1,00785; 20,0027; 
1671; -2,50314e-06; 1,00781; 20,0026; 
1672; -2,50314e-06; 1,00777; 20,0026; 
1673; -2,50314e-06; 1,00773; 20,0026; 
1674; -2,50314e-06; 1,00769; 20,0026; 
1675; -2,50314e-06; 1,00765; 20,0025; 
1676; -2,50314e-06; 1,00762; 20,0025; 
1677; -2,50314e-06; 1,00758; 20,0025; 
1678; -2,50314e-06; 1,00754; 20,0025; 
1679; -2,50314e-06; 1,0075; 20,0024; 
1680; -2,50314e-06; 1,00747; 20,0024; 
1681; -2,50314e-06; 1,00743; 20,0024; 
1682; -2,50314e-06; 1,00739; 20,0024; 
1683; -2,50314e-06; 1,00735; 20,0023; 
1684; -2,50314e-06; 1,00732; 20,0023; 
1685; -2,50314e-06; 1,00728; 20,0023; 
1686; -2,50314e-06; 1,00725; 20,0023; 
1687; -2,50314e-06; 1,00721; 20,0022; 
1688; -2,50314e-06; 1,00717; 20,0022; 
1689; -2,50314e-06; 1,00714; 20,0022; 
1690; -2,50314e-06; 1,0071; 20,0022; 
1691; -2,50314e-06; 1,00707; 20,0022; 
1692; -2,50314e-06; 1,00703; 20,0021; 
1693; -2,50314e-06; 1,007; 20,0021; 
1694; -2,50314e-06; 1,00696; 20,0021; 
1695; -2,50314e-06; 1,00693; 20,0021; 
1696; -2,50314e-06; 1,00689; 20,0021; 
1697; -2,50314e-06; 1,00686; 20,002; 
1698; -2,50314e-06; 1,00682; 20,002; 
1699; -2,50314e-06; 1,00679; 20,002; 
1700; -2,50314e-06; 1,00676; 20,002; 
1701; -2,50314e-06; 1,00672; 20,002; 
1702; -2,50314e-06; 1,00669; 20,0019; 
1703; -2,50314e-06; 1,00666; 20,0019; 
1704; -2,50314e-06; 1,00662; 20,0019; 
1705; -2,50314e-06; 1,00659; 20,0019; 
1706; -2,50314e-06; 1,00656; 20,0019; 
1707; -2,50314e-06; 1,00652; 20,0018; 
1708; -2,50314e-06; 1,00649; 20,0018; 
1709; -2,50314e-06; 1,00646; 20,0018; 
1710; -2,50314e-06; 1,00643; 20,0018; 
1711; -2,50314e-06; 1,0064; 20,0018; 
1712; -2,50314e-06; 1,00636; 20,0018; 
1713; -2,50314e-06; 1,00633; 20,0017; 
1714; -2,50314e-06; 1,0063; 20,0017; 
1715; -2,50314e-06; 1,00627; 20,0017; 
1716; -2,50314e-06; 1,00624; 20,0017; 
1717; -2,50314e-06; 1,00621; 20,0017; 
1718; -2,50314e-06; 1,00618; 20,0017; 
1719; -2,50314e-06; 1,00615; 20,0016; 
1720; -2,50314e-06; 1,00611; 20,0016; 
1721; -2,50314e-06; 1,00608; 20,0016; 
1722; -2,50314e-06; 1,00605; 20,0016; 
1723; -2,50314e-06; 1,00602; 20,0016; 
1724; -2,50314e-06; 1,00599; 20,0016; 
1725; -2,50314e-06; 1,00596; 20,0015; 
1726; -2,50314e-06; 1,00593; 20,0015; 
1727; -2,50314e-06; 1,0059; 20,0015; 
1728; -2,50314e-06; 1,00588; 20,0015; 
1729; -2,50314e-06; 1,00585; 20,0015; 
1730; -2,50314e-06; 1,00582; 20,0015; 
1731; -2,50314e-06; 1,00579; 20,0015; 
1732; -2,50314e-06; 1,00576; 20,0014; 
1733; -2,50314e-06; 1,00573; 20,0014; 
1734; -2,50314e-06; 1,0057; 20,0014; 
1735; -2,50314e-06; 1,00567; 20,0014; 
1736; -2,50314e-06; 1,00565; 20,0014; 
1737; -2,50314e-06; 1,00562; 20,0014; 
1738; -2,50314e-06; 1,00559; 20,0014; 
1739; -2,50314e-06; 1,00556; 20,0013; 
1740; -2,50314e-06; 1,00553; 20,0013; 
1741; -2,50314e-06; 1,00551; 20,0013; 
1742; -2,50314e-06; 1,00548; 20,0013; 
1743; -2,50314e-06; 1,00545; 20,0013; 
1744; -2,50314e-06; 1,00542; 20,0013; 
1745; -2,50314e-06; 1,0054; 20,0013; 
1746; -2,50314e-06; 1,00537; 20,0013; 
1747; -2,50314e-06; 1,00534; 20,0012; 
1748; -2,50314e-06; 1,00532; 20,0012; 
1749; -2,50314e-06; 1,00529; 20,0012; 
1750; -2,50314e-06; 1,00526; 20,0012; 
1751; -2,50314e-06; 1,00524; 20,0012; 
1752; -2,50314e-06; 1,00521; 20,0012; 
1753; -2,50314e-06; 1,00519; 20,0012; 
1754; -2,50314e-06; 1,00516; 20,0012; 
1755; -2,50314e-06; 1,00513; 20,0011; 
1756; -2,50314e-06; 1,00511; 20,0011; 
1757; -2,50314e-06; 1,00508; 20,0011; 
1758; -2,50314e-06; 1,00506; 20,0011; 
1759; -2,50314e-06; 1,00503; 20,0011; 
1760; -2,50314e-06; 1,00501; 20,0011; 
1761; -2,50314e-06; 1,00498; 20,0011; 
1762; -2,50314e-06; 1,00496; 20,0011; 
1763; -2,50314e-06; 1,00493; 20,0011; 
1764; -2,50314e-06; 1,00491; 20,001; 
1765; -2,50314e-06; 1,00488; 20,001; 
1766; -2,50314e-06; 1,00486; 20,001; 
1767; -2,50314e-06; 1,00484; 20,001; 
1768; -2,50314e-06; 1,00481; 20,001; 
1769; -2,50314e-06; 1,00479; 20,001; 
1770; -2,50314e-06; 1,00476; 20,001; 
1771; -2,50314e-06; 1,00474; 20,001; 
1772; -2,50314e-06; 1,00472; 20,001; 
1773; -2,50314e-06; 1,00469; 20,001; 
1774; -2,50314e-06; 1,00467; 20,0009; 
1775; -2,50314e-06; 1,00465; 20,0009; 
1776; -2,50314e-06; 1,00462; 20,0009; 
1777; -2,50314e-06; 1,0046; 20,0009; 
1778; -2,50314e-06; 1,00458; 20,0009; 
1779; -2,50314e-06; 1,00455; 20,0009; 
1780; -2,50314e-06; 1,00453; 20,0009; 
1781; -2,50314e-06; 1,00451; 20,0009; 
1782; -2,50314e-06; 1,00449; 20,0009; 
1783; -2,50314e-06; 1,00446; 20,0009; 
1784; -2,50314e-06; 1,00444; 20,0009; 
1785; -2,50314e-06; 1,00442; 20,0008; 
1786; -2,50314e-06; 1,0044; 20,0008; 
1787; -2,50314e-06; 1,00438; 20,0008; 
1788; -2,50314e-06; 1,00435; 20,0008; 
1789; -2,50314e-06; 1,00433; 20,0008; 
1790; -2,50314e-06; 1,00431; 20,0008; 
1791; -2,50314e-06; 1,00429; 20,0008; 
1792; -2,50314e-06; 1,00427; 20,0008; 
1793; -2,50314e-06; 1,00425; 20,0008; 
1794; -2,50314e-06; 1,00423; 20,0008; 
1795; -2,50314e-06; 1,00421; 20,0008; 
1796; -2,50314e-06; 1,00418; 20,0008; 
1797; -2,50314e-06; 1,00416; 20,0008; 
1798; -2,50314e-06; 1,00414; 20,0007; 
1799; -2,50314e-06; 1,00412; 20,0007; 
1800; -2,50314e-06; 1,0041; 20,0007; 
1801; -2,50314e-06; 1,00408; 20,0007; 
1802; -2,50314e-06; 1,00406; 20,0007; 
1803; -2,50314e-06; 1,00404; 20,0007; 
1804; -2,50314e-06; 1,00402; 20,0007; 
1805; -2,50314e-06; 1,004; 20,0007; 
1806; -2,50314e-06; 1,00398; 20,0007; 
1807; -2,50314e-06; 1,00396; 20,0007; 
1808; -2,50314e-06; 1,00394; 20,0007; 
1809; -2,50314e-06; 1,00392; 20,0007; 
1810; -2,50314e-06; 1,0039; 20,0007; 
1811; -2,50314e-06; 1,00388; 20,0007; 
1812; -2,50314e-06; 1,00386; 20,0006; 
1813; -2,50314e-06; 1,00384; 20,0006; 
1814; -2,50314e-06; 1,00382; 20,0006; 
1815; -2,50314e-06; 1,00381; 20,0006; 
1816; -2,50314e-06; 1,00379; 20,0006; 
1817; -2,50314e-06; 1,00377; 20,0006; 
1818; -2,50314e-06; 1,00375; 20,0006; 
1819; -2,50314e-06; 1,00373; 20,0006; 
1820; -2,50314e-06; 1,00371; 20,0006; 
1821; -2,50314e-06; 1,00369; 20,0006; 
1822; -2,50314e-06; 1,00367; 20,0006; 
1823; -2,50314e-06; 1,00366; 20,0006; 
1824; -2,50314e-06; 1,00364; 20,0006; 
1825; -2,50314e-06; 1,00362; 20,0006; 
1826; -2,50314e-06; 1,0036; 20,0006; 
1827; -2,50314e-06; 1,00358; 20,0006; 
1828; -2,50314e-06; 1,00357; 20,0006; 
1829; -2,50314e-06; 1,00355; 20,0005; 
1830; -2,50314e-06; 1,00353; 20,0005; 
1831; -2,50314e-06; 1,00351; 20,0005; 
1832; -2,50314e-06; 1,0035; 20,0005; 
1833; -2,50314e-06; 1,00348; 20,0005; 
1834; -2,50314e-06; 1,00346; 20,0005; 
1835; -2,50314e-06; 1,00344; 20,0005; 
1836; -2,50314e-06; 1,00343; 20,0005; 
1837; -2,50314e-06; 1,00341; 20,0005; 
1838; -2,50314e-06; 1,00339; 20,0005; 
1839; -2,50314e-06; 1,00338; 20,0005; 
1840; -2,50314e-06; 1,00336; 20,0005; 
1841; -2,50314e-06; 1,00334; 20,0005; 
1842; -2,50314e-06; 1,00333; 20,0005; 
1843; -2,50314e-06; 1,00331; 20,0005; 
1844; -2,50314e-06; 1,00329; 20,0005; 
1845; -2,50314e-06; 1,00328; 20,0005; 
1846; -2,50314e-06; 1,00326; 20,0005; 
1847; -2,50314e-06; 1,00324; 20,0005; 
1848; -2,50314e-06; 1,00323; 20,0005; 
1849; -2,50314e-06; 1,00321; 20,0004; 
1850; -2,50314e-06; 1,0032; 20,0004; 
1851; -2,50314e-06; 1,00318; 20,0004; 
1852; -2,50314e-06; 1,00316; 20,0004; 
1853; -2,50314e-06; 1,00315; 20,0004; 
1854; -2,50314e-06; 1,00313; 20,0004; 
1855; -2,50314e-06; 1,00312; 20,0004; 
1856; -2,50314e-06; 1,0031; 20,0004; 
1857; -2,50314e-06; 1,00309; 20,0004; 
1858; -2,50314e-06; 1,00307; 20,0004; 
1859; -2,50314e-06; 1,00306; 20,0004; 
1860; -2,50314e-06; 1,00304; 20,0004; 
1861; -2,50314e-06; 1,00302; 20,0004; 
1862; -2,50314e-06; 1,00301; 20,0004; 
1863; -2,50314e-06; 1,00299; 20,0004; 
1864; -2,50314e-06; 1,00298; 20,0004; 
1865; -2,50314e-06; 1,00296; 20,0004; 
1866; -2,50314e-06; 1,00295; 20,0004; 
1867; -2,50314e-06; 1,00294; 20,0004; 
1868; -2,50314e-06; 1,00292; 20,0004; 
1869; -2,50314e-06; 1,00291; 20,0004; 
1870; -2,50314e-06; 1,00289; 20,0004; 
1871; -2,50314e-06; 1,00288; 20,0004; 
1872; -2,50314e-06; 1,00286; 20,0004; 
1873; -2,50314e-06; 1,00285; 20,0004; 
1874; -2,50314e-06; 1,00283; 20,0003; 
1875; -2,50314e-06; 1,00282; 20,0003; 
1876; -2,50314e-06; 1,00281; 20,0003; 
1877; -2,50314e-06; 1,00279; 20,0003; 
1878; -2,50314e-06; 1,00278; 20,0003; 
1879; -2,50314e-06; 1,00276; 20,0003; 
1880; -2,50314e-06; 1,00275; 20,0003; 
1881; -2,50314e-06; 1,00274; 20,0003; 
1882; -2,50314e-06; 1,00272; 20,0003; 
1883; -2,50314e-06; 1,00271; 20,0003; 
1884; -2,50314e-06; 1,0027; 20,0003; 
1885; -2,50314e-06; 1,00268; 20,0003; 
1886; -2,50314e-06; 1,00267; 20,0003; 
1887; -2,50314e-06; 1,00266; 20,0003; 
1888; -2,50314e-06; 1,00264; 20,0003; 
1889; -2,50314e-06; 1,00263; 20,0003; 
1890; -2,50314e-06; 1,00262; 20,0003; 
1891; -2,50314e-06; 1,0026; 20,0003; 
1892; -2,50314e-06; 1,00259; 20,0003; 
1893; -2,50314e-06; 1,00258; 20,0003; 
1894; -2,50314e-06; 1,00257; 20,0003; 
1895; -2,50314e-06; 1,00255; 20,0003; 
1896; -2,50314e-06; 1,00254; 20,0003; 
1897; -2,50314e-06; 1,00253; 20,0003; 
1898; -2,50314e-06; 1,00251; 20,0003; 
1899; -2,50314e-06; 1,0025; 20,0003; 
1900; -2,50314e-06; 1,00249; 20,0003; 
1901; -2,50314e-06; 1,00248; 20,0003; 
1902; -2,50314e-06; 1,00246; 20,0003; 
1903; -2,50314e-06; 1,00245; 20,0003; 
1904; -2,50314e-06; 1,00244; 20,0003; 
1905; -2,50314e-06; 1,00243; 20,0003; 
1906; -2,50314e-06; 1,00242; 20,0003; 
1907; -2,50314e-06; 1,0024; 20,0003; 
1908; -2,50314e-06; 1,00239; 20,0002; 
1909; -2,50314e-06; 1,00238; 20,0002; 
1910; -2,50314e-06; 1,00237; 20,0002; 
1911; -2,50314e-06; 1,00236; 20,0002; 
1912; -2,50314e-06; 1,00234; 20,0002; 
1913; -2,50314e-06; 1,00233; 20,0002; 
1914; -2,50314e-06; 1,00232; 20,0002; 
1915; -2,50314e-06; 1,00231; 20,0002; 
1916; -2,50314e-06; 1,0023; 20,0002; 
1917; -2,50314e-06; 1,00229; 20,0002; 
1918; -2,50314e-06; 1,00228; 20,0002; 
1919; -2,50314e-06; 1,00226; 20,0002; 
1920; -2,50314e-06; 1,00225; 20,0002; 
1921; -2,50314e-06; 1,00224; 20,0002; 
1922; -2,50314e-06; 1,00223; 20,0002; 
1923; -2,50314e-06; 1,00222; 20,0002; 
1924; -2,50314e-06; 1,00221; 20,0002; 
1925; -2,50314e-06; 1,0022; 20,0002; 
1926; -2,50314e-06; 1,00219; 20,0002; 
1927; -2,50314e-06; 1,00218; 20,0002; 
1928; -2,50314e-06; 1,00216; 20,0002; 
1929; -2,50314e-06; 1,00215; 20,0002; 
1930; -2,50314e-06; 1,00214; 20,0002; 
1931; -2,50314e-06; 1,00213; 20,0002; 
1932; -2,50314e-06; 1,00212; 20,0002; 
1933; -2,50314e-06; 1,00211; 20,0002; 
1934; -2,50314e-06; 1,0021; 20,0002; 
1935; -2,50314e-06; 1,00209; 20,0002; 
1936; -2,50314e-06; 1,00208; 20,0002; 
1937; -2,50314e-06; 1,00207; 20,0002; 
1938; -2,50314e-06; 1,00206; 20,0002; 
1939; -2,50314e-06; 1,00205; 20,0002; 
1940; -2,50314e-06; 1,00204; 20,0002; 
1941; -2,50314e-06; 1,00203; 20,0002; 
1942; -2,50314e-06; 1,00202; 20,0002; 
1943; -2,50314e-06; 1,00201; 20,0002; 
1944; -2,50314e-06; 1,002; 20,0002; 
1945; -2,50314e-06; 1,00199; 20,0002; 
1946; -2,50314e-06; 1,00198; 20,0002; 
1947; -2,50314e-06; 1,00197; 20,0002; 
1948; -2,50314e-06; 1,00196; 20,0002; 
1949; -2,50314e-06; 1,00195; 20,0002; 
1950; -2,50314e-06; 1,00194; 20,0002; 
1951; -2,50314e-06; 1,00193; 20,0002; 
1952; -2,50314e-06; 1,00192; 20,0002; 
1953; -2,50314e-06; 1,00191; 20,0002; 
1954; -2,50314e-06; 1,0019; 20,0002; 
1955; -2,50314e-06; 1,00189; 20,0002; 
1956; -2,50314e-06; 1,00188; 20,0002; 
1957; -2,50314e-06; 1,00187; 20,0002; 
1958; -2,50314e-06; 1,00186; 20,0002; 
1959; -2,50314e-06; 1,00185; 20,0001; 
1960; -2,50314e-06; 1,00185; 20,0001; 
1961; -2,50314e-06; 1,00184; 20,0001; 
1962; -2,50314e-06; 1,00183; 20,0001; 
1963; -2,50314e-06; 1,00182; 20,0001; 
1964; -2,50314e-06; 1,00181; 20,0001; 
1965; -2,50314e-06; 1,0018; 20,0001; 
1966; -2,50314e-06; 1,00179; 20,0001; 
1967; -2,50314e-06; 1,00178; 20,0001; 
1968; -2,50314e-06; 1,00177; 20,0001; 
1969; -2,50314e-06; 1,00176; 20,0001; 
1970; -2,50314e-06; 1,00176; 20,0001; 
1971; -2,50314e-06; 1,00175; 20,0001; 
1972; -2,50314e-06; 1,00174; 20,0001; 
1973; -2,50314e-06; 1,00173; 20,0001; 
1974; -2,50314e-06; 1,00172; 20,0001; 
1975; -2,50314e-06; 1,00171; 20,0001; 
1976; -2,50314e-06; 1,0017; 20,0001; 
1977; -2,50314e-06; 1,0017; 20,0001; 
1978; -2,50314e-06; 1,00169; 20,0001; 
1979; -2,50314e-06; 1,00168; 20,0001; 
1980; -2,50314e-06; 1,00167; 20,0001; 
1981; -2,50314e-06; 1,00166; 20,0001; 
1982; -2,50314e-06; 1,00165; 20,0001; 
1983; -2,50314e-06; 1,00165; 20,0001; 
1984; -2,50314e-06; 1,00164; 20,0001; 
1985; -2,50314e-06; 1,00163; 20,0001; 
1986; -2,50314e-06; 1,00162; 20,0001; 
1987; -2,50314e-06; 1,00161; 20,0001; 
1988; -2,50314e-06; 1,0016; 20,0001; 
1989; -2,50314e-06; 1,0016; 20,0001; 
1990; -2,50314e-06; 1,00159; 20,0001; 
1991; -2,50314e-06; 1,00158; 20,0001; 
1992; -2,50314e-06; 1,00157; 20,0001; 
1993; -2,50314e-06; 1,00156; 20,0001; 
1994; -2,50314e-06; 1,00156; 20,0001; 
1995; -2,50314e-06; 1,00155; 20,0001; 
1996; -2,50314e-06; 1,00154; 20,0001; 
1997; -2,50314e-06; 1,00153; 20,0001; 
1998; -2,50314e-06; 1,00153; 20,0001; 
1999; -2,50314e-06; 1,00152; 20,0001; 
2000; -2,50314e-06; 1,00151; 20,0001; 